"carat","clarity","depth","table","price"
0.23,3,61.9,54,404
0.28,4,61.4,56,553
0.7,2,61.6,56,2757
0.74,1,61.6,55,2760
0.75,1,62.2,55,2760
0.71,2,62.4,54,2762
0.64,5,61.9,56,2766
0.71,2,61.9,57,2771
0.58,5,61.5,55,2772
0.72,1,61.8,56,2776
0.72,1,60.7,56,2776
0.71,1,60.5,56,2776
0.74,3,61.5,55,2780
0.7,3,61.4,59,2780
0.76,2,61.3,56,2782
0.81,0,61.6,56,2789
0.55,6,60.9,57,2789
0.64,6,61.3,56,2790
0.72,2,61.9,58,2797
0.83,1,62.3,57,2800
0.83,1,61.8,57,2800
0.61,6,62.3,56,2800
0.71,2,61.3,56,2803
0.72,2,62.8,56,2805
0.3,3,62.3,56,555
0.35,1,60.6,56,555
0.3,2,62,56,556
0.61,4,60.1,57,2816
0.71,3,62.9,58,2820
0.79,1,61.8,56,2831
0.8,2,62.2,56,2834
0.73,2,61.8,54,2839
0.7,3,61.3,57,2839
0.73,4,61.3,57,2843
0.71,4,60.7,57,2843
0.74,1,61.3,55,2852
0.8,0,61.6,56,2856
0.31,2,62.2,53.6,557
0.33,0,61.9,56,557
0.7,4,62.1,56,2858
0.71,3,61.5,56,2859
0.62,4,61.6,56,2861
0.62,4,61.6,56,2861
0.8,1,61.3,57,2867
0.62,6,60.5,57,2868
0.62,6,61.8,56,2869
0.73,4,61.3,57,2869
0.8,1,62.5,57,2870
0.79,1,62.6,55,2871
0.74,2,62.3,55,2877
0.84,0,61,56,2879
0.84,0,62.3,55,2879
0.66,5,61.5,56,2890
0.71,4,61.5,57,2893
0.8,0,62.5,55,2893
0.81,0,62.2,57,2894
0.7,4,62.1,53,2895
0.79,1,61.1,57,2898
0.79,1,62.3,57,2898
0.79,1,62.3,57,2898
0.79,1,62.3,57,2898
0.79,1,62.3,57,2898
0.79,1,62.3,57,2898
0.75,1,61.6,55,2902
0.79,1,60.3,60,2907
0.33,0,62.9,55,557
0.71,2,60.6,56,2911
0.85,0,62,57,2913
0.73,4,61.9,55,2919
0.7,2,61.8,57,2929
0.71,3,62.7,57,2930
0.71,3,62.6,57,2930
0.71,5,61.7,57,2930
0.75,2,60.6,55,2939
0.79,1,61.6,55,2944
0.73,3,61.7,55,2948
0.71,3,62.4,57,2950
0.72,2,61.5,55,2952
0.72,2,61.4,55,2952
0.76,2,61.7,54,2954
0.72,2,61.3,56,2960
0.64,6,61.7,58,2960
0.74,3,61.8,55,2960
0.71,3,62.2,56,2962
0.7,1,61.7,55,2965
0.7,1,60.9,56,2965
0.31,0,61.4,55,558
0.24,5,62.4,56,559
0.24,5,62.1,56,559
0.24,5,62.2,56,559
0.24,5,62,55,559
0.24,5,62,56,559
0.24,6,61.7,56,559
0.24,6,60.8,58,559
0.24,6,61.8,55,559
0.24,6,61.6,57,559
0.24,6,61.3,57,559
0.32,3,62.3,55,559
0.32,3,61.8,55,559
0.32,2,61.6,54,560
0.9,0,62.4,57,2968
0.8,2,61.2,57,2969
0.76,3,59.4,57,2972
0.7,3,61.7,56,2972
0.75,3,62.3,57,2973
0.71,2,59.5,57,2974
0.71,4,62.5,58,2978
0.71,5,61.7,57,2982
0.84,0,62,56,2986
0.7,3,61.3,59,2987
0.75,2,60.6,55,2991
0.7,4,63,55,2993
0.7,3,60.9,56,2995
0.6,5,62.1,56,3001
0.72,4,61.6,55,3002
0.78,1,60.6,57,3004
0.71,1,61.3,55,3007
0.71,1,61.6,55,3007
0.71,1,61.9,56,3007
0.71,1,61.6,57,3007
0.71,1,61.4,56,3007
0.61,5,61.2,56,3008
0.72,2,61.7,56,3012
0.7,3,61.1,56,3017
0.85,1,61.6,55,3023
0.73,3,61.6,57,3033
0.7,3,61.4,57,3034
0.72,3,62.4,59,3035
0.32,2,61.4,56,561
0.32,2,61.4,55,561
0.32,2,59.8,57,561
0.32,2,61.7,57,561
0.32,2,61.8,57,561
0.32,2,61.8,55,561
0.32,2,61.6,57,561
0.73,3,61.8,57,3041
0.71,4,62.5,57,3042
0.83,1,62.1,57,3044
0.72,1,61.8,56,3048
0.78,1,61.7,56,3056
0.71,1,61.5,55,3061
0.7,3,61.5,56,3065
0.7,5,61.6,55,3073
0.75,2,61.6,55,3073
0.85,1,62,54,3084
0.73,1,61.4,57,3089
0.73,1,60.9,57,3089
0.73,1,60.6,57,3089
0.73,1,61.9,55,3089
0.73,1,61.2,57,3089
0.73,1,61.7,57,3089
0.71,4,62.5,57,3095
0.72,3,61.3,56,3102
0.32,2,61.8,57,561
0.32,2,60.3,57,561
0.76,2,61.7,55,3114
0.77,2,62.1,56,3114
0.93,0,61,54,3114
0.85,1,60.4,56,3118
0.77,3,62.4,54,3121
0.7,5,62.3,57,3123
0.71,3,60.9,56.6,3123
0.71,3,61.8,56.1,3123
0.82,1,60.7,57,3123
0.72,4,61.2,57,3126
0.73,4,62.2,55,3127
0.73,4,61.9,56,3127
0.74,1,60.6,55,3130
0.74,1,61.9,55,3130
0.74,1,61.3,57,3130
0.82,1,61.8,55,3133
0.72,4,62.4,57,3139
0.7,3,61.2,57,3140
0.7,1,61.6,55,3145
0.77,3,62.2,56,3148
0.73,2,61.7,56,3154
0.77,2,61.7,55,3154
0.7,5,62.8,57,3165
0.71,5,62.1,56,3167
0.78,2,62.2,57,3171
0.75,1,61.8,55,3171
0.83,1,61.8,55,3171
0.7,2,62.7,54,3172
0.77,3,62.4,54,3176
0.32,2,62,57,561
0.32,2,61.5,57,561
0.32,2,61.4,57,561
0.32,2,62,57,561
0.32,2,62.5,56,561
0.32,2,61.8,55,561
0.31,2,61.7,55,562
0.72,4,62.6,56,3179
0.73,4,61.9,56,3183
0.73,4,62.2,55,3183
0.76,2,61.5,55,3183
0.78,2,61.7,55,3184
0.7,4,60.6,56,3191
0.7,4,60.3,57,3191
0.81,1,62.2,57,3192
0.71,3,62.3,54,3195
1.02,0,62.3,56,3204
0.7,4,60.8,56,3205
0.7,4,61,56,3205
0.7,3,61.2,56,3206
0.7,3,61.4,55,3206
0.73,3,60.8,56.4,3209
0.71,5,62.6,56,3210
0.76,1,61.2,57,3212
0.7,4,59.9,58,3234
0.31,2,62.2,54,562
0.31,2,62.2,54,562
0.31,2,60.8,56,562
0.31,2,61.1,57,562
0.31,2,62.2,53,562
0.35,2,61.6,54,563
0.31,1,61.6,55,563
0.32,2,61.8,55,564
0.36,0,61.8,56,565
0.7,5,62.6,57,3247
0.65,5,61.9,56,3248
0.71,3,61,56,3251
0.7,2,61.9,56,3253
0.7,2,61.5,57,3253
0.7,2,61.6,57,3253
0.77,1,61.5,56,3253
0.71,5,62.8,56,3254
0.78,1,62.2,55,3267
0.73,3,61.5,56,3270
0.67,6,61.6,55,3271
0.73,3,60.2,56,3273
0.84,1,62.4,57,3279
0.72,4,61,56,3295
0.71,2,61.8,56,3299
0.71,2,61.8,56,3299
0.71,2,61.8,56,3299
1.05,0,59.6,57,3299
0.77,2,61.8,54,3300
0.7,3,60.8,56,3300
0.7,5,60.7,57,3303
0.71,4,61.7,57,3307
0.71,4,61.3,56,3307
0.73,2,60.9,57,3307
0.31,4,62.2,55,565
0.27,4,60.8,57,566
0.38,0,62.8,57,566
0.27,6,61.6,57,566
0.62,6,61.8,56,3310
1.06,0,61,56,3321
0.78,2,62.6,57,3325
0.72,5,61.7,55,3326
0.71,5,61.4,59,3332
0.9,0,62.5,55,3338
0.73,3,62,55,3342
0.73,3,60.8,58,3342
0.78,2,61.1,56,3343
0.72,2,61.7,55,3344
0.72,4,61.3,56,3352
0.72,4,62,55,3352
0.72,4,61.2,57,3352
0.7,5,61.9,58,3354
0.63,6,61.9,56,3363
0.76,3,61.6,56,3372
0.62,6,60.3,57,3378
0.3,0,60.6,56,405
0.32,0,61.3,56,407
0.25,1,62.3,57,407
0.7,3,60.5,56,3384
0.7,3,61.9,55,3384
0.7,3,60.6,57,3384
0.74,5,62.1,56,3388
0.73,2,60.2,55,3389
0.73,4,62.1,56,3396
0.81,2,61.5,55,3397
0.81,2,60.8,60,3398
0.74,5,61.9,54,3402
0.85,1,62.2,56,3403
0.73,3,60.7,57,3411
0.79,3,62,56,3413
0.91,0,62.2,57,3425
0.9,0,62.7,55,3428
0.71,3,61.7,56,3431
0.71,3,61.8,57,3431
0.71,3,61.7,57,3431
0.71,3,61.6,55,3431
0.71,3,61.5,55,3431
0.71,3,60.7,57,3431
0.71,3,61.8,55,3431
0.74,2,61.2,56,3434
0.86,0,61.9,55,3442
0.7,2,61.6,56,3451
0.73,3,60.9,59,3459
0.74,4,62.2,57,3462
0.72,3,61.6,56,3478
0.72,3,61.3,56,3478
0.72,3,61.2,57,3478
0.72,3,61.7,56,3478
0.72,3,61.4,56,3478
0.72,3,61.8,56,3478
0.72,3,60.3,57,3478
0.72,3,61.5,57,3478
0.72,3,61,55,3478
0.72,3,60.4,57,3478
0.73,5,61.6,56,3487
0.72,5,62.2,54.4,3492
0.8,2,62.1,57,3494
0.74,4,60.9,58,3495
0.9,0,62.4,56,3500
0.72,5,62.2,57,3502
0.71,4,61.5,56,3504
0.9,0,62.5,56,3521
0.9,0,61.2,57,3521
0.93,1,60.9,57,3521
0.75,4,61.3,55,3525
0.73,3,61.7,56,3525
1,0,60.3,57,3528
0.36,1,61.5,54,571
0.36,1,61.1,55,571
0.36,1,61.4,55,571
0.32,1,62.6,55,571
0.65,6,60.1,57,3536
0.74,5,62.1,54,3537
0.72,3,62,56,3540
0.77,2,62.1,56,3544
0.81,3,62.3,57,3544
0.72,2,61,55,3547
0.72,5,61.7,54.8,3548
0.91,0,62.7,57,3557
0.91,0,61.8,56,3557
0.79,3,62,56,3561
0.74,3,61.5,56,3572
0.8,3,61.1,58,3578
0.73,3,61.2,56,3589
0.78,2,62,57,3590
1.07,0,60.8,57,3595
0.73,2,61.6,56,3595
0.78,2,61.7,56,3613
1.15,0,62.8,57,3613
0.74,3,61.2,56,3635
0.74,3,60.9,55,3635
0.76,3,61.3,54,3648
0.82,3,61.5,56,3652
0.91,0,62.3,56,3664
0.73,5,61.3,56,3667
0.73,5,61.9,57,3669
0.85,1,62.2,56,3670
0.76,5,62,54.7,3671
0.7,6,60.2,57,3672
0.34,2,61.6,56,573
1.03,0,60.4,56,3692
0.92,0,63,57,3697
0.9,0,62.3,56,3718
0.9,0,61.5,57,3722
0.7,4,61.6,57,3725
0.78,3,61.6,55,3736
0.71,6,60.9,57,3739
1.01,0,61.5,57,3739
0.75,4,62,56,3740
0.4,0,62.6,54,573
0.4,0,62.4,56,573
0.4,0,62.1,53,573
0.31,2,61.4,57,574
0.31,2,61.4,56,574
0.79,4,62.1,56,3760
0.7,5,61.6,57,3763
0.85,1,62.1,56,3766
0.71,6,61.8,57,3772
0.73,4,62.4,57,3777
0.9,1,60.3,56,3780
0.73,4,61,56,3783
0.77,2,61.7,55,3786
1.23,0,61.6,55,3788
0.9,0,62.7,53,3805
0.3,1,62.8,56,574
0.9,0,62.8,54,3820
1.08,0,62.7,54,3825
0.74,4,60.7,56,3831
0.9,1,62.6,56,3841
0.91,0,60.8,57,3844
0.72,4,61.9,57,3849
0.96,0,61.7,57,3858
0.96,0,62.1,57,3871
0.75,4,62.2,56,3879
0.82,3,61.9,54,3880
0.91,1,62.6,57,3884
0.9,1,60.2,56,3894
0.71,4,61.5,57,3909
0.73,5,61.6,56,3913
0.74,4,61.7,55,3922
0.81,3,61.6,56,3923
0.76,4,62,56,3927
0.9,1,61.6,57,3931
0.9,1,62.2,56,3931
1.06,0,62.3,55,3936
0.84,2,62,55,3936
0.96,0,62,58,3945
0.7,6,61.3,56,3949
0.71,5,61.1,57,3955
0.91,0,61.6,56,3985
0.91,1,62.6,56,3991
0.9,1,61.6,57,4001
1.01,1,62.9,57,4004
0.9,1,60.8,58,4008
0.9,1,61.9,59,4008
0.9,1,61.6,58,4008
0.71,5,61.2,56,4015
1.07,0,61.1,57,4021
0.91,3,61.3,56,4029
0.9,0,61.5,57,4032
0.9,1,62.4,55,4036
1.01,0,61.2,57,4038
1.01,0,63.2,57,4038
0.9,0,61.4,56,4044
1.02,1,62.4,56,4044
0.91,1,61.8,57,4049
0.9,1,62.4,57,4059
0.89,4,61.7,55,4062
0.92,0,62.4,56,4068
0.9,0,60.6,55,4077
1.01,0,59.5,57,4079
0.9,1,62.1,56,4088
0.97,0,62.7,57,4101
0.31,0,61.7,56,408
0.31,0,60.5,57,408
0.31,2,62.1,55,577
0.36,2,62.3,54,579
0.33,2,62.2,56,579
0.98,0,62.9,57,4116
0.81,4,61.7,55.1,4127
1.01,1,61.5,56,4129
0.82,4,62.1,56,4130
0.9,2,62.7,56,4133
0.73,6,62.3,56,4142
0.8,4,62.6,54,4146
1.12,0,62.8,54,4158
0.9,1,62.1,56,4161
0.9,1,61.9,55,4161
0.33,2,62.5,57,579
0.33,2,61.6,55,579
0.85,3,61.6,54,4164
0.92,1,62.6,56,4173
0.83,3,62.1,57,4181
0.73,5,61.7,57,4182
1.11,0,61.9,55,4185
1.04,0,62,57,4200
1.01,0,62.1,59,4209
1.12,0,62.1,57,4222
0.33,2,61.2,55,579
0.33,2,62.6,57,579
0.33,2,62.2,56,579
0.33,2,62,57,579
0.33,2,62.3,57,579
0.33,2,62.3,55,579
1.06,0,62.5,55,4238
0.91,1,62.1,57,4240
1.01,0,62.4,56,4242
0.92,1,62.6,55,4249
1.02,0,61.4,56,4255
0.91,2,62.3,57,4257
1.01,0,61.7,56,4260
0.9,1,62.5,55,4260
0.9,2,62.6,57,4269
1.01,0,62.8,56,4269
1.04,0,62,57,4277
0.33,2,61.2,55,579
0.32,2,61.5,55,580
1,0,62.8,57,4284
1.03,0,62.9,57,4290
1.02,0,62.7,57,4291
1.01,0,61.5,57,4299
0.96,1,63,53,4301
0.9,2,62.4,54,4309
0.9,0,60.7,57,4314
0.84,3,61.8,56,4325
1.01,0,59.6,57,4327
1.01,0,60.5,58,4327
0.25,5,61.7,56,582
0.25,5,62.6,55,582
0.25,5,62.6,56,582
0.25,6,61.1,57,582
0.31,3,61.9,55,583
1.01,0,62.1,57,4350
0.96,1,62.6,57,4355
0.96,1,63,54,4355
0.91,0,61,57,4360
1.02,0,62.6,58,4363
1.02,0,62,55,4366
1.02,0,62.7,57,4370
0.84,3,61.4,56,4372
0.85,3,61.8,55,4373
1.04,0,60.7,57,4375
1.04,0,61.4,57,4375
1.01,0,61,56,4383
0.8,3,61.1,57,4388
1.03,0,61.7,55,4391
1.02,0,61.4,54,4398
1.07,0,62,57,4401
0.92,2,62.6,56,4405
0.92,0,61.9,57,4406
1.03,0,62.1,56,4407
1.04,0,63.1,55,4414
1.07,0,62.4,57,4419
0.86,3,62.2,57,4420
1.07,0,61.7,57,4421
1.16,0,61.3,55,4425
0.9,1,62.3,58,4452
0.91,1,62,54,4453
1.04,0,61.7,56,4455
1.04,0,61.4,57,4455
1.04,0,60.7,57,4455
1.06,0,62.2,55,4459
0.28,4,61.6,56,586
0.28,4,61.5,56,586
0.31,3,62.3,54,586
0.37,1,61.4,56,586
0.37,1,61.4,55,586
0.37,1,62,55,586
0.37,1,61.9,55,586
0.9,3,61.6,55,4460
1.06,0,62.2,57,4467
0.95,1,60.7,56,4469
0.98,0,61.7,56,4470
1.03,0,62.1,57,4470
0.9,3,61.4,57,4479
0.9,2,62,57,4482
1.1,1,62.5,57,4484
1.08,0,62.3,56,4489
1.02,0,62.4,54,4501
0.31,3,60.6,58,587
0.38,0,61.7,56,587
0.9,3,61.6,56.3,4531
1.06,0,62.2,55,4541
1.08,0,61.9,57,4544
1.08,0,62.2,56,4544
0.93,1,62,56,4546
0.95,2,61.6,56,4549
1,0,62,53,4551
0.87,2,61.4,55,4553
1.01,0,59.3,60,4556
1.03,0,62.8,54,4557
1.14,0,63,57,4558
1.01,0,61.6,54,4560
0.9,2,62,57,4561
1.05,0,62.3,56,4561
1.04,0,60.4,58,4566
1.06,0,61,57,4578
1.03,0,61.8,55,4582
1.09,0,61.2,57,4586
1.09,0,62.1,56,4586
1.01,1,61.8,57,4588
1.05,0,61.8,57,4608
1.08,0,61.9,57,4627
1.08,0,62.2,56,4627
1.21,0,62.9,57,4631
1.02,1,59.2,57,4633
1.01,1,61.4,55,4653
1.01,1,61.4,57,4653
1.06,0,61,57,4662
0.98,1,62.3,56,4665
0.93,1,62.2,58,4666
1.05,0,62.2,54,4667
1.09,0,61.2,57,4670
1.09,0,62.1,56,4670
1.01,1,62.9,54,4672
0.91,1,62.5,56,4673
1.08,0,61.9,58,4675
1.03,1,62.4,57,4679
1.01,1,62.3,57,4694
1.13,0,60.8,56,4707
1.02,1,60.3,56,4708
1.16,0,61.7,56,4710
1.12,0,62.4,56,4712
1.13,0,61.3,57,4712
1.17,0,61.1,56,4725
0.91,1,61.9,56,4731
1.08,0,62.1,57,4733
1.09,0,61.7,57,4733
1,1,62.7,56,4737
0.8,4,61.5,55,4740
0.8,4,61.4,57,4740
0.97,0,61.6,56,4743
1.1,0,62.1,56,4750
0.81,6,62.4,54,4751
1.07,0,62.1,55,4752
1.04,0,62,56,4752
1.11,0,60.5,56,4755
1.03,1,62.4,57,4764
1.08,1,61.4,56,4771
0.9,2,61.7,56,4773
0.91,3,62.3,55,4775
0.31,1,62.2,55,593
0.31,1,62.8,55,593
0.31,1,62.2,55,593
0.31,1,63,56,593
1.06,0,62.2,56,4778
1.01,0,61.5,57,4783
1.12,0,62.4,56,4798
1.01,0,61.4,57,4803
1.08,0,61.8,56,4814
1,1,62.7,56,4824
1.15,0,62.3,56,4838
0.91,3,62.3,55,4860
1,0,62.3,56,4861
1,1,62.4,56,4867
1.01,1,60.7,58,4868
0.9,1,61.9,57,4871
1.03,0,61.8,55,4873
1.15,0,62.4,56,4877
1.16,0,61.9,56,4880
1.02,1,60.5,59,4882
0.9,2,60.8,57,4884
1.02,0,61,57,4890
0.87,2,61.8,56,4899
1.03,1,60.9,57,4900
1.03,1,61.6,57,4900
1.24,1,62.7,56,4916
0.33,0,60.2,57,594
0.31,3,61.6,55,596
0.91,1,62,56,4922
0.91,1,60.8,58,4922
1.15,0,62.3,56,4927
1.03,0,62.3,59,4928
1.03,1,61.9,56,4928
0.9,3,61.8,56,4931
1.27,0,58.8,56,4936
1.12,0,62.2,55,4955
1,1,62,57,4956
1,1,61.6,55,4956
1,1,62.4,56,4956
1,1,62.2,57,4956
0.83,5,61.9,56,4963
1.16,0,61.9,56,4969
1.09,1,62.2,56,4970
1.04,0,61.9,58,4973
1.06,0,62.1,58,4987
1.02,1,62.2,57,4988
0.83,3,62.1,55,4989
1.12,0,61.3,55,4990
1,1,61.9,56,4997
0.34,2,61.5,55,596
0.34,2,62.2,53,596
0.34,2,61.5,56,596
0.34,2,62.5,57,596
1.01,1,62.3,56,5006
1.15,2,62.2,54,5008
1.17,0,62,55,5012
1.02,1,62.4,55,5016
1.12,0,61.5,57,5018
1.09,1,62.2,56,5022
0.91,2,61.4,57,5023
1.03,1,60.9,57,5037
1.04,0,62.4,54,5044
1.02,1,62.2,56,5044
1.02,1,60.6,59,5044
1.01,1,60.6,59,5049
1.02,1,62.8,57,5055
1.08,0,61.3,57,5057
1.11,1,62.6,57,5061
1.13,0,61.1,54,5062
0.34,2,61.3,55,596
0.34,2,61.5,57,596
0.34,2,61.8,56,596
0.34,2,62,55,596
0.34,2,62,56,596
0.34,2,62.2,57,596
0.34,2,61.1,55,596
0.34,2,61.4,57,596
0.34,2,61.7,56,596
0.34,2,61.9,55,596
1.16,0,61.6,55,5078
0.9,3,62.5,57,5080
1.02,1,62.2,56,5082
1,1,61.9,56,5088
1,1,63,55,5096
1.01,1,62.9,56,5107
1.03,1,60.1,59,5111
0.93,1,60.1,57,5126
1.05,0,62.7,57,5127
1.11,1,62,57,5127
1.01,1,61.8,55,5141
1.03,1,60.3,58,5143
1.03,1,61.1,57,5147
0.34,2,62.2,55,596
0.34,2,61,57,596
0.34,2,62.1,57,596
0.34,2,62.7,55,596
0.34,2,62.1,55,596
0.34,2,62,54,596
1.06,1,62,56,5159
1.13,0,62.9,54,5164
1.01,1,62.2,55,5166
1.3,0,61.9,57,5169
1.16,0,61.6,55,5171
1.05,1,61.8,56,5192
1.05,1,59.7,56,5204
1.01,1,60.8,56,5204
1.16,0,61.5,54,5206
1.15,1,61.7,56,5224
1.21,0,62.1,57,5226
1.1,1,62.3,56,5226
1.11,0,60.7,59,5231
0.33,2,61.3,57,598
1.07,1,62.1,57,5232
1.03,1,61.1,57,5241
1.03,1,61.7,56,5241
0.9,4,61.9,56,5242
0.92,3,62,57,5243
1.06,1,62,56,5253
1.08,1,61.8,56,5256
1.25,0,61.6,57,5259
1.01,1,61.6,57,5273
1.01,3,61.3,56,5294
1.22,0,62.3,57,5296
1.11,0,61.7,57,5299
1.16,0,61.5,54,5301
1.07,1,62.2,57,5303
1.04,1,61.9,56,5311
0.9,4,61.9,56,5335
1.03,1,62.5,57,5337
1.06,1,62,57,5342
1.02,2,62.4,57,5346
1.07,1,61.9,55,5347
1.08,1,61.8,56,5352
1.25,0,61.6,57,5355
1.34,0,62,55,5358
1.1,0,62.1,58,5361
1.05,1,61.9,56,5361
1.05,1,62.3,55,5361
1.02,1,60.6,57,5367
1.2,0,62.2,56,5385
1.01,1,61.2,57,5387
1.06,1,60.5,57,5393
1.11,0,61.7,57,5395
1.02,1,61.5,57,5398
1.1,0,62.5,55,5407
1.11,1,61.9,57,5408
0.29,4,61.3,56,600
0.31,3,62.3,54,600
1.02,1,62.1,55,5426
1.11,1,62.6,57,5428
1.01,1,63.1,53,5430
1.22,0,62.9,56,5436
1.01,2,61.7,57,5439
1.08,1,61.7,56,5439
1.07,1,61.9,55,5444
1.03,1,60.5,55,5445
1.12,1,62,55,5451
1.18,0,60.5,55,5452
1.07,1,60.2,57,5453
1.06,1,62.9,56,5461
1.2,0,62.2,56,5484
1.09,1,62.4,56,5496
1.01,1,61.1,58,5497
1.05,2,61.1,57,5504
0.38,0,61.6,55,602
0.38,0,61.2,56,602
0.32,3,61.9,55,602
0.32,3,60.7,56,602
1.03,1,61.6,55,5518
1.16,1,60.9,57,5519
1.24,0,61.4,56,5520
1.07,1,61.7,54,5532
1.1,0,62.6,56,5535
0.9,3,62.1,56,5540
1.1,1,61.9,55,5545
1.14,1,62.2,56,5548
1.07,1,62.2,56,5551
1.12,1,62,55,5551
1.01,1,62.7,57,5555
1.01,1,63,57,5555
1.08,2,62.1,57,5559
1.2,0,58.9,60,5562
0.9,5,61.6,57,5564
1.15,2,59.2,56,5564
1.04,1,61.9,53,5570
1.01,1,62.6,56,5576
0.39,0,61.2,56,603
0.33,2,61.7,55.9,604
0.33,2,61.4,56.1,604
1.1,1,61.6,56,5610
1,1,61,57,5622
1.14,1,62.2,56,5650
1.03,1,60.8,57,5653
1.08,2,62.1,57,5661
1.14,0,61.5,55,5675
1.03,1,62.2,59,5684
1.16,0,61.6,55,5695
1.01,1,62.6,56,5698
0.26,5,62.8,54,605
0.26,5,62.4,56,605
0.41,0,61.3,56,605
0.26,6,62.2,55,605
0.26,6,62.5,57,605
0.3,3,62.6,57,605
1.22,0,59.6,56,5714
1.2,0,61.1,57,5722
1.17,0,62.6,55,5743
1.13,1,61.8,55,5759
1.2,3,61.7,56,5766
1.26,2,61.5,57,5792
0.91,3,62.1,57,5795
1.02,2,62.6,57,5816
1.02,2,62,57,5816
0.3,3,61.8,54,605
1,2,62.3,56,5824
1.2,0,61.1,57,5826
1.1,1,62.2,56.6,5868
0.93,6,62.2,58,5879
1,2,62.3,56,5887
1,2,62.3,56,5887
1.28,0,61.4,57,5888
1.16,1,61.8,55,5908
1.02,2,62.6,58,5915
1.02,2,62.6,57,5922
0.3,3,61.4,55,605
0.3,3,61.5,57,605
0.3,3,61.8,55,605
0.3,3,62.3,56,605
0.3,3,62.5,57,605
0.3,3,62.2,55,605
1.26,0,60.9,55,5937
1.01,2,62.4,56,5946
1,2,62.6,57,5967
0.9,5,62.8,56,5978
0.92,2,62,57,5989
1.01,2,61.7,57,5995
1.28,0,61.4,57,5995
1.2,1,60.5,56,5996
1.01,2,61.8,56,5999
1.23,0,58.8,60,6005
1.04,2,62.5,57,6012
1.21,0,62,56,6017
1.01,2,60.8,59,6019
1.01,2,62.5,57,6019
1.01,2,59.7,57,6024
1.21,3,62.5,57,6025
1.01,2,63,57,6027
1.07,2,62.2,57,6040
1.27,0,61.8,56,6045
1.26,0,60.9,55,6046
0.3,3,61.7,57,605
0.3,3,61.9,56,605
0.3,3,62,54,605
0.3,3,59.9,56,605
0.3,3,61.4,57,605
1.11,1,60.8,57,6065
1.01,3,62.4,56,6066
1.01,2,61.7,57,6104
1.01,2,62.4,56,6108
1.01,2,61.8,56,6108
1.01,2,62.7,56,6108
1.01,2,61.9,55,6108
1.18,1,62.5,55,6112
1.06,2,61.8,57,6128
1.01,2,59.8,61,6132
1.01,2,60.4,61,6132
1.13,1,62,55,6133
1.17,2,61.5,57,6139
1.03,2,59.6,57,6146
1.01,2,61.6,57,6159
1.2,1,61.5,54,6160
0.3,3,61.5,56,605
1.02,2,62.8,57,6169
1.02,2,61.9,53,6169
1.04,4,61.4,57,6173
1.01,3,62.9,57,6176
1.04,2,62.6,55,6177
1.04,2,61.4,57,6177
1.12,2,62.1,57,6209
1.03,2,60.3,56,6229
1,2,58.9,60,6235
0.9,5,62.9,56,6237
1.01,2,61.6,56,6239
1.06,2,61.8,57,6240
1.03,2,61.8,56,6241
1.01,2,61.6,57,6271
1,2,62.3,54,6272
1.04,2,62,59,6286
1.04,2,59.4,58,6286
1.04,2,61.4,57,6290
0.29,4,61.4,57,607
0.29,4,60.7,54,607
0.29,4,61.9,56,607
0.29,5,62.3,55,607
0.29,5,62.8,54,607
0.34,1,62.7,57,607
0.37,1,61,56,608
1.04,2,61.8,56,6290
1.04,2,61.9,57,6290
1.04,2,62.6,55,6290
1,3,62.9,57,6290
1.01,2,62,54.9,6295
1.01,2,59.6,59,6295
1.01,2,62,57,6295
1.01,2,60.6,58,6295
1.25,0,61.5,56,6300
0.9,4,61.6,56,6302
1.15,1,62,55,6313
1.29,0,61.5,55,6321
1.17,2,62.2,57,6321
1.12,2,62.1,57,6322
1.07,2,61.1,59,6324
1,2,60.5,56,6328
1.02,2,60.6,56,6333
1.19,1,62.3,55,6335
1.01,2,62.4,57,6340
1.04,2,62,57,6342
1.14,0,62.3,56,6346
1,3,62.2,56,6349
1,3,62.7,54,6349
1.05,2,61.7,56,6350
1.02,2,62.5,57,6352
1.01,2,61.6,56,6353
1.07,2,62.2,57,6355
1.02,2,60.5,57,6356
1.26,0,61.8,57,6362
1.25,0,61.1,55,6371
1,2,62.4,59,6377
1,3,62.6,56,6377
1.1,2,62.3,56,6387
1.32,0,62.9,57,6409
1.02,2,62.5,58,6410
1.06,2,62.7,55,6411
1.28,0,61.5,57,6412
1.02,2,60.4,57,6416
1.02,2,62.5,55,6418
1.02,2,62.8,57,6418
1.17,1,60.7,56,6419
1.01,2,61.7,56,6439
1.01,2,61.9,56,6439
1.01,2,61.9,56,6439
1.01,2,61.9,58,6449
1.04,2,62,57,6458
1,3,62.2,56,6465
1,3,62.7,54,6465
1.07,2,63,55,6471
1.07,2,62.2,57,6471
1.21,2,61.7,56,6478
1.09,2,62.3,57,6480
1.05,2,60.8,57,6486
1.05,2,61.9,56,6486
0.94,5,62.4,58,6488
1.15,2,61.4,57,6492
1.01,3,61.8,57,6499
1.02,2,61.4,55,6499
1.2,1,61.2,56,6502
1.01,3,62,57,6504
1.01,2,61.8,57,6504
1.23,1,61.4,56,6509
1.01,2,60.1,55,6512
1.01,2,61.5,57,6516
1.13,2,62.7,57,6525
1.04,2,60.8,57,6529
1.08,2,62.5,56,6530
1.08,2,62.4,55,6532
1.1,2,62,56,6534
1.1,3,61.3,54,6535
1.04,2,62.8,56,6542
1.06,2,61.1,57,6548
1.28,0,61.1,58,6548
1.03,2,61.8,56,6557
1.03,3,62.1,57,6558
1.07,2,62.3,57,6558
1.22,1,61.6,57,6559
1.08,2,62.5,57,6561
1.05,2,61.9,57,6562
1.02,3,62.2,57,6563
1.25,1,62.5,54,6580
1.08,2,61.3,56,6586
1.05,2,61.8,57,6586
1.01,2,62.1,58,6587
1.04,2,62.5,57,6589
1.02,2,62.6,56,6591
1.05,2,60.8,57,6604
1.05,2,62.8,57,6604
1.26,3,62.3,57,6604
1.05,2,61.9,56,6604
1.25,1,60.4,57,6608
1,2,62.1,57,6612
1.04,2,61.6,55,6617
1.09,2,60.9,57,6617
1.01,3,61.8,57,6618
1.01,3,61.2,57,6618
1.01,2,61.4,58,6618
1.04,2,61.9,57,6628
1.04,3,61.1,56,6632
1.13,2,62.7,57,6644
1.03,2,62.8,55,6645
1.02,2,62.3,55,6648
1.02,2,61.7,56,6648
1.07,2,62.4,55,6648
1.12,2,62,56,6652
1.1,2,62,56,6653
1.1,2,60,57,6653
1.03,3,63,56,6659
1.06,2,62.2,56,6660
1.01,2,60.9,57,6663
0.29,1,62.1,54,420
0.32,0,62.5,55,421
1.06,2,61.1,57,6667
1.01,3,62.4,56,6672
0.9,5,61.5,56,6680
1.02,3,62.2,57,6683
1.12,2,60.8,57,6683
1.02,3,62.2,56,6683
1.08,2,61.3,56,6706
1.04,2,62.5,57,6709
1.11,2,62.2,55,6713
1.5,0,63,57,6720
1.06,2,61.9,55,6728
1.06,2,61.6,56,6728
1.37,0,62.8,57,6730
1.01,2,62.1,57,6734
1.01,2,61,56,6734
1.26,1,59.6,57,6738
1.14,1,61.7,56,6741
1.2,1,62.2,58,6741
1.2,1,61.8,59,6762
1.08,2,60.3,59,6769
1.04,2,61.6,57,6773
1.12,2,62,56,6774
1.12,2,62.2,54,6774
1.08,3,62,55,6779
1.07,3,61.8,57,6793
1.03,2,60.7,57,6793
1.01,3,62.4,56,6794
1.01,3,61.5,56,6794
1.02,2,62.3,56,6796
0.32,1,61.3,56,612
0.32,1,63,56,612
0.96,3,61.1,56,6807
1.06,2,61.3,57,6809
1.04,2,61.9,54,6809
1.01,2,60.6,57,6826
1.04,3,61.5,55,6831
1.28,0,61.8,56,6833
1.05,2,61.6,56,6837
1.1,1,61.6,56,6837
1.01,2,61,56,6855
1.09,3,62.5,56,6856
1.11,2,61.2,56,6857
1.02,3,62.1,58,6857
1.03,3,62.3,56,6864
1.06,2,61.9,54,6890
1.13,2,62.7,56,6891
1.24,1,61,56.4,6895
1.09,2,62,54,6905
1.03,3,62,54.8,6913
1.05,2,59.4,59,6914
1.07,3,61.8,57,6917
1.12,3,62.3,57,6918
1.3,3,62.4,56,6928
1.08,2,61.8,55,6931
1.09,3,62.4,57,6934
1.05,3,62,56,6936
1.01,2,62.7,54,6937
1.1,2,60.9,56,6939
0.95,6,59.8,59,6951
1.01,3,62.7,56,6951
1.01,3,62.4,58,6951
1.04,2,60.5,57,6955
1.21,1,62.1,57,6958
1.18,1,62,56,6960
1.01,2,62.6,56,6964
1.02,3,62,55,6968
0.32,1,61.3,57,612
0.32,1,62.5,55,612
0.32,1,61.4,57,612
0.32,1,61.6,57,612
1.1,2,60.2,56,6972
1.05,2,61.6,59,6981
1.03,2,61.3,57,6981
1.11,2,61.2,56,6982
1.1,3,61.5,57,6984
1.24,1,60.5,60,6994
1.13,2,62.7,56,7016
1.05,3,61.3,57,7027
1.05,2,61.7,57,7028
1.05,3,62.5,56,7037
1.14,2,61.5,57,7042
1.04,2,61.3,57,7044
1.02,3,61.4,57,7055
1.34,0,61.1,56,7058
1.01,3,59.1,55,7059
1.05,3,62,56,7063
1.03,2,61.6,55,7064
1.07,3,61.8,55,7069
1.05,2,62.2,54,7070
1.16,2,62.3,57,7074
1.1,2,62.5,54,7074
1.02,3,61.1,56,7077
1.09,3,60.5,57,7078
1.29,2,62.9,57,7080
1.09,2,62.4,55,7081
1.38,0,61.4,55,7094
1.14,2,60.5,60,7099
1.51,0,61.8,57,7103
1.52,0,61.9,57,7108
1.11,2,61.7,56,7109
1.1,3,61.5,57,7111
1.16,2,61.7,57,7113
1,3,62.7,53,7114
1.03,3,62,57,7119
1.03,3,61.7,54,7119
1.16,2,60.7,58,7128
1.02,3,61.6,55,7129
0.32,1,60.9,57,612
0.32,1,60.8,56,612
0.32,3,61.4,54,614
1.13,2,62.1,53,7140
1.13,2,61.9,56,7147
1.17,3,59.4,57,7155
1.05,3,61.3,57,7155
1.13,2,61.6,57,7159
1.06,2,62.8,55,7160
1.01,4,60.6,57,7167
1.14,2,61.5,57,7171
1.01,3,61.8,58,7178
1.01,2,61.9,56,7179
1.01,2,61.4,57,7179
1.01,3,61.9,54,7179
1.08,2,62.3,54,7187
1.02,3,61.3,56,7192
1.12,2,62.2,54,7193
1.07,3,61.8,55,7198
1.07,3,62,56,7198
1.14,2,61.9,56,7199
1.16,2,62.3,57,7203
1.03,3,62.2,59,7211
1.07,3,61.4,57,7222
1,3,62.5,54,7223
1.09,2,60.6,57,7227
1.26,1,61.3,57,7230
1.53,0,61.7,57,7240
1.2,2,62.8,57,7243
1.16,2,61.7,57,7243
1.05,3,61.5,55,7247
1.06,2,62.3,56,7255
1.14,3,62.5,56,7255
1.01,3,62.1,54,7262
1.05,3,62.2,53,7270
1.07,2,61.9,55,7275
1.07,2,61.4,57,7275
1.31,1,63.4,57,7277
1.01,3,61.2,57,7290
1.13,2,61.6,57,7290
1.09,2,62.8,57,7292
0.35,2,62.5,53,615
0.34,2,60.8,56,616
0.34,2,61.4,55,616
1.04,3,61.7,57,7294
1.04,3,61.5,56,7294
1.08,2,62.3,57,7295
1.02,3,61.3,57,7324
1.02,3,61,57,7324
1.09,2,61.2,56,7357
1.05,3,62.2,57,7357
1.02,3,61.5,55,7357
1.12,2,62.1,55,7364
1.01,4,60.6,57,7366
1.14,2,62,55,7371
1.2,1,61.6,57,7372
1.2,1,62.7,56,7372
1.04,3,61.2,58,7375
1.03,3,61.2,57,7391
1.03,3,62.4,56,7391
1,4,62.6,55,7403
1.13,3,61.7,54,7404
1.17,2,61.3,56,7413
1.2,2,62.6,57,7413
1.17,2,62,56,7413
1.32,1,61.9,57,7414
1.04,2,60.7,56,7415
1.28,1,62.4,58,7415
1.17,2,62,57,7423
1.18,2,60.9,56,7439
1.02,3,62.4,57,7440
1.05,3,62.8,58,7440
1.11,2,61.4,56,7443
1.16,2,62.5,56,7451
1.04,3,62.3,56,7457
1.04,3,61.5,57,7457
1.29,1,60.9,59,7463
1.04,3,61.8,56,7467
1.11,2,62,56,7472
0.3,3,61.7,54.6,618
1.03,3,61.4,55,7481
1.07,3,62.1,54,7485
1.09,3,62.1,55.1,7487
1.12,3,61,56,7495
1,4,62.8,53.9,7520
1.05,3,61.1,56,7523
1.05,3,61,56,7526
1.1,3,61.9,55,7528
1.1,2,61.9,57,7540
1.2,2,61.9,56,7548
1.17,2,62,56,7548
1.17,2,61.3,56,7548
1.1,3,61.3,57,7550
1.17,2,61.4,56,7550
1.08,3,61.4,56,7551
1.08,3,61,56,7553
1.02,3,62.8,55,7574
1.07,2,61.6,57,7577
1.07,2,61.7,55,7577
1.15,2,61.6,55,7587
1.03,3,60.8,57,7587
1.03,3,61.7,56,7587
1.06,3,61.4,56,7589
1.06,3,60.7,56,7594
1.06,3,61.6,56,7594
1.01,4,62,58,7597
1.28,1,62.2,56,7598
1.16,2,62.2,55,7600
1.11,2,62,56,7608
1.12,3,61,56,7632
1.12,2,61,57,7634
1.08,3,61.8,58,7635
1.11,3,61.5,58,7639
1,5,62.3,56,7644
1,3,62.5,54,7648
1.03,3,61.3,56,7648
1.04,3,60.7,55,7655
1.04,3,61.9,57,7655
1.21,2,62,56,7666
1.14,2,61.4,56,7667
1.13,3,61,58,7687
1.1,3,61.3,57,7688
1.2,4,61.7,57,7688
1.03,5,61.7,56,7708
1.26,1,61.9,56,7711
1.12,3,61.6,55,7716
1.03,2,61.1,57,7726
1.04,5,62.8,56,7738
1.2,2,62.1,56,7741
1,4,60.8,57,7744
1.07,3,62.2,56,7748
1.14,3,60.9,57,7750
1.11,3,62.6,57,7758
1.22,2,62,55,7783
1.06,3,61.2,56,7790
1.21,2,61.2,57,7792
1.01,5,61.7,57,7805
1.01,4,62.4,59,7806
1.21,2,62,56,7806
1.13,3,61,56.4,7808
1.01,2,62.1,59,7814
1.09,3,62.3,55,7820
1.12,3,62.2,56,7827
1.06,4,62.9,56,7836
1.07,3,62.1,57,7858
1.03,4,61.6,57,7876
1.03,3,61.8,56,7880
1,4,59.8,54,7885
1,4,60.8,57,7885
1.02,4,61.1,57,7898
1.06,4,61,57,7900
1.11,3,62.1,57,7917
1.11,3,61.6,56,7917
1.2,1,61.2,56,7920
1.22,2,62,55,7923
1.08,3,62.4,55,7925
1.2,2,61.9,57,7930
1.06,4,61.6,56.3,7934
1.01,4,60.9,54,7934
1.5,0,61.5,57,7936
1.01,4,62.5,56,7941
1.14,3,62.3,56,7948
1.04,3,61.7,56,7951
1.09,2,62.2,55,7961
1.12,3,61.5,55,7970
1,4,62.8,57,7979
1.24,4,61.9,56,7986
1.23,2,61.5,54,7988
1.09,3,61.7,54,7992
1.21,2,61.9,55,7996
1.21,2,61.1,57,7996
1.15,3,61.9,56,7999
1.21,2,61.8,57,8001
1.04,4,62.1,55.1,8012
1.21,3,62.5,55,8020
1.03,4,61.6,57,8020
1.05,3,61.2,57,8022
1.01,4,61.1,57,8029
1.01,4,60.9,56,8029
1.01,4,62.2,56,8034
1.19,3,61.9,55,8034
1.2,2,62.4,54.7,8040
1.02,4,61.1,57,8042
1.06,4,61,57,8044
0.4,0,61.9,54,622
1.13,3,61.5,56,8051
1.09,4,61.5,55,8057
1.1,3,62,58,8060
1.16,2,62.5,55,8061
1.22,2,62,57,8062
1.22,2,62,55,8067
1.12,3,61.1,56,8080
1.23,2,62.4,57,8085
1.06,3,61.5,57,8093
1.06,3,61.7,55,8093
1.06,3,61.3,57,8093
1.06,3,61.7,57,8093
1.21,2,59.8,57,8097
1.01,4,62.2,54,8104
1.02,4,59.2,58,8107
1.11,3,61.4,57,8112
1.04,5,62.5,55,8120
1.07,4,62.8,57,8120
1.14,3,61.8,55,8121
1.11,3,62.8,55,8129
1.23,2,61.5,54,8133
1.07,4,62.3,54,8145
1.09,4,62,54.8,8149
1.02,6,62.5,57,8162
1.02,5,61.5,57,8168
1.12,2,60.9,56,8189
1.13,4,60.7,57,8192
1.12,3,61.5,56,8202
1.07,4,62.8,54,8212
1.22,2,61.4,56,8213
1,5,61.9,57,8217
1.25,1,60.7,56,8226
1.32,1,62.1,57,8231
1.23,2,62.4,57,8233
1.07,4,62.4,55.6,8235
1,4,61.2,56,8239
1.03,5,62,56,8248
1.01,4,62.2,54,8252
1.04,5,62.5,55,8268
1.09,4,62.5,56,8282
1.51,1,61.6,56,8283
1.51,1,61.6,56,8283
1.06,3,61.1,57,8285
0.3,3,61.8,56,624
0.3,3,63.1,55,624
0.3,3,62,56,624
0.3,3,62.2,55,624
0.3,3,60.9,57,624
0.3,3,61.8,57,624
0.3,3,62.4,57,624
0.3,3,60.6,57,624
0.25,6,61.7,56,624
1.21,2,61.5,56,8294
1.09,4,61.2,57,8295
1.09,3,60.4,58,8296
1.09,3,60.3,57,8305
1.02,6,62.5,57,8311
1.22,3,61.3,56,8313
1.02,5,61.5,57,8317
1.2,2,59.9,61,8321
1.14,3,61.4,57,8346
1.08,5,61.6,56,8347
1.06,4,61.7,56,8358
1.22,2,61.4,56,8362
1.09,4,60.6,57,8364
1,5,61.9,57,8366
1.03,4,60.7,57,8385
1.07,4,62.4,54,8393
1.12,3,62.5,54,8394
1.03,5,62,56,8398
1.11,2,61.6,56,8400
1.02,4,62.1,57,8401
1.02,4,61.6,57,8401
1.02,4,62.7,57,8401
1.2,2,62.8,54,8414
1.18,3,61.3,56,8414
1.3,1,61.6,55,8416
1.2,3,62.3,56,8442
1.24,3,61.1,57,8449
1.06,3,62.3,55,8451
1.03,5,62.4,57,8454
1.23,3,61.8,57,8465
1.03,4,61.2,57,8483
1.22,2,59.9,56,8485
1.02,5,62.6,56,8485
1.06,5,61.6,57,8488
1.07,4,61.8,55,8491
1.24,2,62.1,56,8504
1.53,1,61.3,57,8529
1.27,3,60.9,57,8543
1.2,3,62.4,57,8545
1.2,3,62,57,8545
1.05,5,60.1,57,8546
0.32,0,62.5,57,421
0.31,3,62.1,55,625
0.31,3,62.1,55,625
1.18,3,61.9,56,8556
1.18,2,62.7,55,8564
1.5,0,61.4,56,8580
1.5,0,62,57,8580
1.29,2,62.5,57,8582
1.24,3,61.9,54,8584
1.04,4,62.5,55,8590
1.15,4,62.5,53,8592
1.12,4,62.5,56,8592
1.2,3,62.4,57,8596
1.2,3,62.3,56,8596
1.43,1,62.8,57,8599
1.03,5,62.4,57,8608
1.22,3,62.5,57,8608
1.21,3,62.6,56,8616
1.05,5,60.1,57,8623
1.06,4,60.1,57,8626
1.04,5,62.2,55,8637
1.51,0,60.8,57,8637
1.17,3,61.8,57,8639
1.57,0,62,56,8643
1.06,5,61.6,57,8643
1.05,4,62.2,56,8645
1.05,4,62.5,55,8645
1.05,4,61.9,57,8645
1.16,4,62,56,8646
1.01,5,61.1,56,8647
1.01,4,61.6,54,8662
1.2,3,62.6,54.3,8687
1.2,3,62.4,57.1,8698
1.21,3,61.1,58,8699
1.12,4,62.1,54.8,8701
1.2,3,62.4,57,8701
1.2,3,62,57,8701
1.27,2,62.8,54,8705
1.07,4,61.5,56,8707
1.06,4,61.4,57,8726
1.06,4,60.3,57,8726
1.32,2,62.4,57,8728
1.5,0,62,57,8736
1.5,0,61.4,56,8736
1.14,4,62.3,55,8743
1.57,1,61.7,55,8752
1.09,4,61.8,56,8753
1.21,3,62.7,54,8759
1.12,4,62,55,8773
1.21,3,62.6,56,8774
1.28,2,62.2,57,8774
1.1,3,61.3,56,8775
1.09,5,62.1,55,8778
1.01,6,62.8,57,8778
1.51,0,60.8,57,8794
1.51,0,60.5,55,8794
1.04,5,62.2,55,8794
1.24,2,62,56,8797
1.24,2,62.3,57,8799
1.16,4,62,56,8803
1.21,3,61.4,56,8824
1.24,3,61.5,56,8830
1.22,3,62.6,54.4,8830
1.11,4,63.1,57,8843
1.02,4,62.1,54,8847
1.05,6,62.5,56,8850
1.52,0,61.3,57,8852
1.11,4,61.8,57,8858
1.21,3,61.8,55,8864
1.01,6,61.5,58,8869
1.01,6,60.8,59,8869
1.08,6,61.3,57,8873
1.13,4,61.5,57,8889
1.07,5,60.9,56,8895
1.27,2,62,58,8915
1.04,6,62.1,54,8921
1.31,2,61.9,56,8922
1.54,0,62.3,60,8923
1.36,1,61,56,8927
1.05,5,61.2,57,8931
1.1,4,62,56,8932
1.05,5,60.7,55,8946
1.17,4,61.7,55,8947
1.03,5,59.9,61,8955
1.02,6,62.3,57,8955
1.01,6,62.2,61,8957
1.43,1,62.6,57,8969
1.23,3,61.4,56,8970
1.09,4,61.5,57,8970
0.31,3,61,55,625
0.31,3,62.5,57,625
0.31,3,61.4,56,625
1.36,1,60.9,56,8977
1.55,0,60.5,60,8981
1.21,3,61.4,56,8985
1.05,4,60.4,54,9000
1.22,3,60.7,57,9002
1.2,5,62.2,57,9009
1.05,6,62.5,56,9012
1.14,4,61,56,9013
1.21,3,62.2,56,9026
1.23,3,62,56,9030
1.25,2,62.4,55,9030
1.26,3,61.2,57,9032
1.08,6,61.3,57,9035
1.14,5,61,56,9037
1.2,3,61.7,55,9038
1.13,5,61.2,57,9049
1.1,4,61.6,56,9051
1.3,2,61.9,55,9060
1.16,5,60.5,57,9075
1.26,3,61.6,56,9078
1.31,2,61.9,56,9085
1.14,3,61.7,56,9090
1.14,3,61.8,57,9090
1.18,5,61.1,57,9095
1.51,0,61.2,56.1,9104
1.17,4,61.7,55,9110
1.23,3,61.8,58,9116
1.23,3,61.2,56,9119
1.24,3,60.1,58,9123
1.23,3,61.4,56,9133
1.1,4,61.7,56,9148
1.22,3,60.7,57,9166
1.07,4,61.9,56,9169
1.24,2,62,57,9188
1.54,0,61.9,55,9193
1.12,4,61.9,57,9214
1.13,5,61.2,57,9214
1.1,4,60.5,56,9215
1.17,4,60.6,56,9225
1.3,2,61.9,55,9225
1.23,3,62.1,57,9230
1.34,2,61.9,56,9233
1.51,0,62.4,56,9234
1.03,4,61.6,56,9236
0.31,3,61.3,56,625
0.31,3,62.4,55,625
0.31,3,61.5,56,625
1.29,2,61.3,57,9243
1.26,3,61.6,56,9243
1.16,3,60.9,55,9248
1.16,3,61.5,55,9248
1.16,4,62.2,56,9251
1.18,4,62.2,54,9252
1.18,5,61.1,57,9260
1.11,3,61.3,55,9261
1.27,3,59.6,57,9262
1.07,5,62.6,54,9276
1.09,5,61,54,9282
1.25,2,61.5,58,9282
1.02,4,61.8,56,9286
1.21,3,62,55,9287
1.17,4,61.2,56,9289
1.22,3,62.2,56,9292
1,4,61.1,58,9294
1.21,3,62.7,54,9323
1.17,3,61.7,57,9326
1.13,4,62.3,57,9333
1.22,3,62,56,9339
1.28,3,61.7,55,9342
1.54,0,61.7,56,9359
1.07,6,61.5,57,9361
1.24,4,61.2,56,9362
1.28,3,62.7,53,9372
1.2,4,62.2,56,9373
1.15,5,60.6,56,9377
1.19,4,60.8,55,9383
1.51,0,62.3,56,9391
1.26,2,60.8,55,9399
1.34,2,61.9,56,9401
1.19,4,60.9,53,9403
1.2,4,62.2,55,9407
1.32,2,61.1,57,9408
1.16,4,62.2,56,9419
1.65,2,62.2,55,9425
1.27,3,59.6,57,9431
1.15,4,61.8,56,9457
1.04,4,61.7,56,9465
1.04,4,61.5,57,9465
1.53,0,62.3,56,9468
1.27,2,61.9,57,9489
1.28,3,62,57,9498
1.11,4,61.6,57,9507
1.61,2,62.2,56,9521
1.19,4,60.8,59,9524
1.23,4,61,55,9525
1.16,5,62,57,9526
1.55,0,60.7,55,9530
1.52,1,60.7,57,9530
1.54,0,61.7,56,9530
1.07,6,61.5,57,9532
1.3,2,62.3,55,9540
1.05,4,61.4,56,9555
1.2,5,61.2,56,9570
1.32,2,61.1,57,9580
1.19,4,60.7,57,9587
1.25,2,60.9,57,9590
1.53,0,62.5,57,9596
1.2,3,62,55,9625
1.2,3,61.9,58,9625
1.17,4,61.6,56,9630
1.06,4,61.4,56,9645
1.03,5,61.5,57,9691
1.23,4,61,55,9698
1.07,5,61.4,55,9703
1.52,1,60.7,57,9704
1.55,0,60.7,55,9704
1.32,3,61.4,54,9715
1.11,4,61.8,56,9734
1.2,5,61.2,56,9744
1.16,5,61.9,55,9781
1.2,5,62.8,56,9784
1.2,4,62.5,54.4,9785
1.24,4,61.2,56,9788
0.27,5,62.5,56,627
0.31,3,60.6,56,627
0.31,1,61.6,56,627
0.31,1,61.6,55,627
0.31,1,61.7,55,627
0.27,6,61.2,57,627
0.27,6,62,56,627
1.59,2,61.8,56,9794
1.17,5,62.2,53,9799
1.17,5,61.9,56,9799
1.12,4,61.6,55,9820
1.08,6,62.3,56,9831
1.1,4,61,56,9856
1.6,3,62,57,9856
1.23,3,62,57,9863
1.13,5,59.6,57,9872
1.21,2,60.1,57,9873
1.34,3,62.7,57,9890
1.31,3,62.2,56,9891
1.31,3,61.5,57,9891
1.16,6,62.3,55,9901
1.16,6,62,57,9901
1.26,3,61.9,55,9907
1.19,3,62.4,54,9918
1.23,4,62.2,56.1,9921
1.23,4,62.4,55,9921
1.11,6,61.9,55,9931
1.21,4,59.4,59,9954
1.22,2,60.1,57,9954
1.32,3,62.6,56,9979
1.22,4,62.3,56,10038
1.3,3,62,55,10038
1.11,6,61.2,54,10053
1.34,3,62.7,57,10070
1.31,3,62.2,56,10071
1.31,3,61.5,57,10071
0.34,2,61,55,628
0.32,3,61.4,56,628
1.16,6,62.3,55,10082
1.16,6,62,57,10082
1.31,3,61.9,56,10099
1.23,5,63.2,56,10113
1.28,3,62.1,57,10126
1.31,3,60.5,57,10155
1.35,3,61.5,56,10193
1.5,1,61.7,56,10219
1.3,3,62,55,10221
1.22,4,62.3,56,10221
1.13,6,61.7,57,10228
1.21,5,60.2,57,10232
1.35,3,62.2,57,10244
1.21,4,60.6,56,10256
1.72,0,62.8,59,10268
1.21,5,61,57,10295
1.46,2,62.3,56,10302
1.23,4,60.3,57,10304
1.23,4,61,57,10304
1.12,4,61.5,57,10305
1.18,4,61.3,55,10308
1.4,2,61.7,56,10311
1.14,6,61.1,57,10313
1.23,4,62.2,55,10317
1.23,4,62.7,56,10317
1.27,4,62.4,53.3,10342
1.17,5,61.7,57,10342
1.31,3,62,58,10359
1.26,4,60.7,56,10367
1.16,6,59.9,57,10368
1.26,3,62.2,54,10371
1.21,4,62,56,10378
1.35,3,61.5,56,10378
1.24,4,61.4,58,10395
1.13,4,61.6,57,10396
1.4,2,62.1,55,10427
1.23,4,61.3,56,10445
1.2,4,61.1,56,10454
1.36,3,61,56,10455
1.2,4,62.2,53,10463
1.35,3,60.9,54,10471
1.21,5,61,57,10482
1.21,5,61.4,58,10483
1.19,5,61.6,59,10508
1.28,3,62.1,56,10537
1.33,3,62,55,10539
1.5,0,60.5,57,10543
1.51,2,62.8,57,10553
1.31,3,62,53,10556
1.26,4,60.7,56,10556
1.21,4,61.3,57,10568
1.23,5,61.8,56,10572
1.41,2,60.8,55,10581
1.29,4,62.4,57,10614
1.32,3,62.4,53,10631
1.25,4,61.5,55,10636
1.25,4,62.5,54,10636
1.15,5,62.7,56,10644
1.23,4,60.8,57,10646
1.35,3,62.7,57,10656
1.63,0,62.6,53,10680
1.21,3,61.3,57,10685
1.21,3,61.6,57,10685
1.21,3,61.8,57,10685
1.26,5,62.1,57,10720
1.24,5,62.3,56,10724
0.38,1,61,57,629
0.3,2,60.8,57,630
1.33,3,59.9,57.3,10732
1.42,2,62.6,57,10735
1.2,5,63.1,56,10786
1.26,5,61.1,57,10787
1.27,5,61.7,56,10805
1.29,4,62.4,57,10807
1.2,4,62.3,54,10812
1.68,2,62.1,55,10838
1.28,4,61.2,54,10839
1.2,4,61.2,56,10846
1.35,3,62.7,57,10850
1.23,3,61.6,57,10859
1.26,4,60.9,57,10886
1.22,5,61.1,56,10888
1.76,1,62.1,56,10896
1.26,5,62.1,57,10916
1.37,3,62.2,55,10927
1.14,5,61.1,58,10933
1.24,3,61.8,55,10946
1.53,1,60.1,57,10947
1.25,4,62.2,55,10983
1.51,1,62.3,54,10993
1.25,5,61.3,56,10996
1.27,5,61.7,56,11002
1.22,4,60,58,11003
1.41,3,60.4,57,11009
1.37,3,61.1,55,11009
1.52,1,60.3,57,11028
0.33,1,61.3,56,631
1.3,4,62,57,11073
1.5,1,62,56,11079
1.32,3,61.7,56,11079
1.25,4,62,59,11089
1.52,1,60.3,57,11105
1.41,3,60.4,57,11109
1.22,6,61.7,56,11111
2.09,0,62.5,57,11119
1.31,5,61.1,57,11146
1.28,5,62.1,56,11147
1.27,6,61.5,58,11157
1.3,4,62,57,11175
1.5,1,62,56,11180
1.23,5,61.2,56,11182
1.61,1,61.2,55,11192
1.27,3,61.2,57,11206
1.26,5,61.7,56,11218
1.53,1,62.4,57,11230
1.31,5,61.1,57,11247
1.28,5,62.1,56,11248
1.51,1,62.9,57,11255
1.61,1,61.2,55,11294
1.43,3,59.9,57,11302
1.54,1,61.5,55,11333
1.28,6,60.8,57,11372
1.24,6,62.4,56,11376
0.3,0,61.8,57,422
0.3,0,62.1,58,422
0.3,0,61.4,56,422
0.3,0,61.9,57,422
0.3,0,62,55,422
0.3,0,61.6,56,422
0.3,1,62.1,53,422
0.3,1,62.2,55,422
0.3,1,60.9,57,422
0.33,1,61.4,57,631
1.28,6,62,55.6,11401
1.23,5,61.4,55,11417
1.32,4,62.3,57,11419
1.31,4,59.2,59,11459
1.51,1,61.1,57,11465
1.23,5,59.5,57,11469
1.54,2,61.5,57,11487
1.24,5,62.1,56,11503
1.52,1,63,55,11510
1.25,6,60.2,54,11511
1.56,1,61.2,56,11522
1.38,3,62.2,54,11527
1.2,4,60.9,56,11530
1.2,4,61,56,11530
1.31,4,60.9,56,11531
1.21,5,61.5,56,11572
1.5,1,62.8,54,11572
1.75,0,61.6,54.8,11576
1.32,3,61.7,56,11584
1.57,1,61.8,55,11596
1.24,4,61.1,56,11601
2.01,0,61.5,55,11602
1.58,1,60.7,56,11610
1.56,1,61.2,56,11628
1.3,4,62.4,56.1,11633
1.34,5,62.2,56,11640
1.6,1,62.1,56,11651
1.57,1,61.8,55,11702
1.25,6,60.6,57,11705
0.4,0,62,56,632
1.41,3,62.6,56,11817
1.69,1,61.8,53,11843
1.36,4,61.1,57,11848
1.3,4,60.9,57,11853
1.61,1,62.4,55,11859
1.51,1,61.6,57,11917
1.51,1,62.4,56,11917
1.58,1,62.2,55,11927
1.34,4,62,55,11955
1.36,4,61.1,57,11956
1.31,4,61.3,58,11975
2,0,62.2,57,11988
1.31,3,61.6,57,12008
1.5,1,61,57,12009
1.26,4,61.4,55,12066
1.68,1,61.6,55,12075
1.22,5,61.5,56,12081
1.44,3,62.6,57,12093
1.32,3,61.6,57,12094
1.51,2,60.8,54,12100
2.03,0,61.5,57,12154
1.52,2,61.3,59,12161
0.35,2,61,57,633
1.37,4,62.3,55.5,12207
1.33,4,62.6,57,12209
1.51,2,60.8,54,12210
1.33,5,62.2,54,12255
1.62,1,62.2,56,12295
1.37,5,62.6,55,12342
1.33,4,61.7,58,12345
1.37,5,62.6,55,12455
1.14,6,59,59,12458
1.39,4,61.4,54,12462
1.3,6,62.3,56,12467
1.5,2,62.6,56,12468
1.57,2,62.7,55,12506
1.51,2,62.1,54,12551
2.03,0,62.2,57,12573
1.5,3,61,57,12576
2.03,1,63,56,12618
0.3,3,60.4,55,637
0.3,4,61.1,58,638
1.51,2,61.8,55,12626
1.91,0,62.2,55,12700
1.5,2,62.5,55,12787
1.56,2,62.2,54,12800
1.91,0,62.2,55,12816
1.5,2,63,56,12821
2.01,1,61.6,57,12829
1.72,2,62.8,57,12830
2.26,0,61.9,57,12831
1.52,2,61.1,57,12840
1.51,2,59.8,60,12846
1.53,2,62.8,57,12907
1.3,6,61.3,56,12932
1.39,6,60.6,55,12943
1.51,2,62.2,57,12947
1.55,1,61.7,57,12951
1.52,2,61.1,57,12958
1.63,1,60.6,57,12990
1.5,3,60.6,57,13034
1.5,2,62.2,58,13049
0.3,4,62.2,54,638
0.38,1,60.2,57,639
0.38,1,61.9,56,639
1.39,6,60.6,55,13061
1.25,5,61.3,57,13096
1.54,2,62,55.6,13110
1.51,2,61.9,57,13115
1.5,2,60.7,54,13135
1.5,2,61.7,54,13135
1.5,2,62,55,13135
1.52,2,61.5,56,13153
1.5,2,62.2,54,13154
1.51,2,62.2,59,13163
1.31,4,60.3,56,13168
1.24,6,62,55,13178
1.71,1,62.1,56,13196
1.51,2,59.8,57,13214
1.35,4,61.5,55,13230
1.51,2,62,56,13234
1.38,5,61.8,56,13250
1.32,4,61.6,56,13261
1.51,2,62,56,13355
1.28,6,61.7,56,13360
1.53,2,61.6,57,13369
1.5,3,61.8,56,13377
1.7,3,62.5,57,13398
1.31,5,61.9,55,13406
1.5,2,61.4,59,13428
1.37,6,62.3,54,13439
1.57,3,61.9,55,13462
2.01,0,63,56,13498
1.54,2,60.2,59,13508
1.51,2,62.1,55,13532
1.61,2,62.2,56,13553
0.27,4,62.8,56,641
1.7,3,62.9,57,13605
2,1,61.7,55,13675
1.57,2,61.4,55,13713
1.56,1,60.4,56,13724
1.51,2,60.9,57,13752
1.54,2,60.6,57,13761
1.52,2,62.1,56,13768
1.52,3,59.7,57,13777
1.56,2,62.3,53,13787
1.54,2,61.2,56,13794
1.52,2,62.8,54,13809
1.51,3,62.8,56,13811
1.51,3,61.7,54,13818
1.5,3,61.3,53.9,13820
1.51,2,62.3,54,13828
1.54,3,62.3,57,13846
1.52,3,59.7,57,13903
2.28,0,61.6,57,13907
1.55,2,61.6,55,13912
1.53,3,60.6,54,13926
1.53,3,62.2,56,13994
1.51,3,62.1,55,13995
1.55,2,61.6,55,14039
1.5,3,62.3,57,14067
1.54,2,61.4,57,14103
1.55,2,61.6,56,14106
1.55,3,62,57,14174
1.4,4,62,56,14231
1.56,2,61.3,56,14237
1.54,3,61.2,56,14278
1.57,2,61.7,56,14283
1.61,3,61.9,55,14341
2.14,0,62.9,56,14359
1.51,3,60.6,57,14375
2.54,0,62.5,55,14421
1.65,2,60.8,56,14456
1.6,2,62.2,55,14474
1.52,3,61.8,56,14482
1.51,2,62.1,55,14482
1.51,2,61.8,54,14482
1.51,3,60.6,57,14507
1.51,3,61.1,57,14542
1.51,3,61.6,56,14542
1.65,2,61.9,57,14593
0.31,3,61,56,642
1.51,4,62.3,55,14616
1.35,6,62.2,57,14616
1.58,3,61.3,57,14624
2.03,1,62,57,14637
2.22,0,62.6,57,14637
1.54,3,62,57,14650
1.51,3,61.9,57,14674
1.51,3,61.1,57,14674
1.51,3,61.6,56,14674
2.2,0,59.9,57,14691
1.52,2,61.4,56,14692
1.51,3,60.8,54,14733
2.3,0,61.4,57,14744
1.51,4,62.3,55,14750
1.62,2,61.7,56,14777
1.51,3,60.8,57,14779
1.52,3,61.1,56,14787
1.56,3,61.3,56,14957
1.51,4,61.8,57,14982
1.6,2,61.9,56,15000
1.54,4,62.5,57,15059
1.51,4,61.8,57,15118
1.4,5,60.8,57,15134
1.53,4,61.2,57,15137
1.57,4,62.3,56,15144
1.51,4,60.5,56,15164
1.54,4,62.5,57,15197
0.31,3,60.8,57,645
0.31,3,61.3,55,645
0.32,3,61.6,57,645
0.32,3,62,56,645
0.32,3,61.2,57,645
0.32,3,61.2,56,645
0.32,3,61.3,57,645
1.62,3,62.7,56,15246
1.53,4,61.4,59,15275
1.65,3,62.3,55,15281
1.57,3,61.2,57,15301
1.51,4,60.5,56,15303
1.62,2,61.7,54,15318
1.53,4,61,55,15365
1.54,2,60.8,57,15395
1.54,4,62,54,15415
2.3,0,61.6,57,15433
1.53,4,61,55,15505
1.55,4,61.9,54,15512
1.51,4,62.1,58,15529
2.22,0,60.9,57,15584
1.56,4,62.3,54,15609
1.56,4,62.5,55,15609
1.63,3,61.7,55,15697
2.03,0,62.6,56,15717
1.68,2,62.5,54,15740
2.46,0,63,56,15745
1.7,2,62.9,55,15756
1.52,4,60.6,57,15760
1.55,4,62.5,57,15794
1.7,2,61.3,57,15797
2.02,0,63.5,54,15814
1.59,4,62.6,55,15823
1.63,3,61.7,55,15840
2.01,0,62.8,56,15841
1.59,4,60.6,59,15843
0.32,3,62.1,55,645
0.32,3,61.2,56,645
0.32,3,61.8,55,645
0.32,3,62.3,54,645
0.32,3,60.8,57,645
0.32,3,61.3,55,645
0.32,3,60.9,56,645
1.7,2,61.3,57,15941
2.21,0,60.1,60,15948
1.52,5,62.4,55,15959
1.53,5,61.8,55,15992
1.56,3,61.3,56,16052
1.52,5,62.4,55,16104
1.54,5,60.8,57,16169
1.5,3,61.3,56,16171
1.62,2,61.3,55,16183
2.03,1,60.3,56,16224
2.06,0,62.9,56,16235
1.63,3,61.5,57,16241
1.64,2,61.5,56,16297
1.53,3,60.5,57,16311
1.74,2,61.7,56,16316
1.74,2,62.9,57,16316
1.54,5,60.8,57,16316
1.6,5,60.8,56,16339
1.52,5,61.4,57,16343
2.05,0,59.8,59,16446
1.52,5,61.4,57,16492
0.27,1,62.2,54,426
0.31,0,61.6,55.6,429
0.32,3,62,56,645
0.32,3,62.3,55,645
0.32,3,61.6,56,645
0.32,3,61.2,56,645
2.03,0,62.5,56,16505
1.6,6,59.8,54,16547
1.59,5,59.9,56,16599
1.71,3,62.1,55,16618
1.67,3,61.5,55,16643
1.75,2,62.6,56,16783
1.75,2,62.1,57,16803
1.71,2,61.8,57,16817
2.01,0,61,54,16922
1.5,4,62.2,55,16948
1.68,3,62,55,16985
1.71,3,63,56,17009
1.71,3,61.4,57,17049
1.6,3,62,54,17050
2.09,2,61.8,57,17051
1.61,3,61.8,57,17076
2.07,0,62,55,17095
2.22,0,62.5,54,17123
1.72,2,62.4,55,17125
0.32,3,61.7,55,645
0.32,3,61.9,55,645
0.32,3,62.3,56,645
0.32,3,62.1,55,645
0.32,3,60.5,56,645
0.35,2,61.3,56,646
1.5,4,61.3,56,17176
2.03,0,61.1,57,17182
1.71,3,61.4,57,17204
2.02,0,61.7,57,17265
1.58,6,62.2,57,17329
2.54,0,62.7,56,17339
1.75,2,61.5,57,17343
1.76,2,60.3,57,17442
2.01,1,59.2,57,17492
2.01,0,61.9,57,17555
1.65,6,62.4,55,17569
1.71,3,62.2,55,17595
1.64,4,61.8,56,17604
2.01,0,60.9,55,17609
2.07,0,62.2,54,17614
1.65,6,62.4,55,17729
2,2,62.3,57,17760
0.31,4,62.2,53,647
0.32,1,61.5,55,647
0.32,1,61.9,55,647
2.16,0,62.5,54.2,18001
2.05,0,61.6,56,18017
2.02,2,61.7,53,18077
2.08,0,61.8,56,18124
2.21,0,60.2,60,18128
2.04,1,61.9,58,18153
2.2,0,62,57,18168
2.01,2,63,56,18172
1.76,3,62.8,55,18178
2.05,0,61.6,56,18181
2.01,0,61.7,57,18259
2.21,0,61.9,55,18276
1.7,5,61,56,18279
2.06,0,62.3,56,18293
1.54,5,61.4,56,18294
2.02,0,62,55,18296
2.1,0,61.3,55,18312
2.27,1,61.1,60,18343
1.72,4,62,57,18431
1.7,5,61,56,18445
2.32,0,61,58,18532
1.71,4,62.1,55,18599
2.01,2,61.4,54,18607
2.04,1,59,57,18663
2.02,2,62,57,18700
0.4,0,62.1,57,648
0.41,0,61.5,55,648
0.41,0,61.7,56,648
0.26,6,61.7,54,648
0.26,6,60.8,56,648
2.01,1,62.1,57,18736
2.01,1,62.2,56,18741
2.03,1,60,55.8,18757
1.71,4,62.1,55,18768
2.05,1,61.9,57,18787
2.15,0,62.6,54,18791
2.07,0,62.5,55,18804
1.51,6,61.7,55,18806
0.37,2,62.2,57,649
0.37,2,60.8,57,649
0.37,2,61.5,56,649
0.37,2,61.3,57,649
0.3,4,61.9,57,650
0.28,5,61.8,55,650
0.28,6,61.3,57,650
0.28,6,61.5,57,650
0.28,6,62.4,55,650
0.28,6,60.9,57,650
0.34,1,61.2,57,650
0.4,0,60.6,56,651
0.31,2,61.8,53,652
0.31,2,61.5,56,652
0.31,3,61.3,56.4,652
0.32,1,61.4,56,653
0.4,0,61.8,56,654
0.3,4,62.5,53,655
0.3,4,60.7,58,655
0.3,4,61.6,57,655
0.3,4,62.2,57,655
0.34,3,61.4,56,657
0.31,3,61.5,54,658
0.38,1,60.4,58,658
0.28,1,60.7,56,430
0.41,0,62.1,53.6,659
0.31,4,62.7,57,660
0.31,4,60,58,661
0.34,2,62.4,57,663
0.36,2,60.6,56,664
0.41,0,61.7,55,664
0.3,4,62.4,55,665
0.3,4,62.5,55,665
0.3,4,61.8,54,665
0.3,4,62.6,53,665
0.3,4,62.3,57,665
0.3,4,61.8,56,665
0.3,4,61.8,57,665
0.3,4,61.4,57,665
0.3,4,62.1,55,665
0.3,4,62.4,57,665
0.3,4,61,57,665
0.32,3,62,55,665
0.32,3,61.6,55,665
0.32,3,61.6,55,665
0.39,1,60.7,57,665
0.41,0,61.9,54,666
0.38,1,62.4,57,666
0.38,1,61.3,56,666
0.33,3,61.6,57,666
0.33,3,62.3,54,666
0.33,3,61.8,56,666
0.33,3,62.3,57,666
0.33,3,61.4,54,666
0.33,3,62.1,56,666
0.33,3,61.9,55,666
0.33,3,62.1,55,666
0.33,3,61.9,56,666
0.33,3,61.4,55,666
0.33,3,62.4,56,666
0.27,0,62.3,55,361
0.25,1,62.3,53,363
0.24,1,62.2,54,364
0.23,1,62,54,364
0.23,1,62.1,53,364
0.3,1,62.3,56,432
0.3,1,61.6,57,432
0.3,1,62,57,432
0.3,1,60.6,56,432
0.33,3,62.1,55,666
0.33,3,62.1,54,666
0.33,3,61.9,54,666
0.33,3,62.1,54,666
0.33,3,62.1,56,666
0.33,3,60.1,55,666
0.33,3,61.7,56,666
0.33,3,61.1,56,666
0.37,2,62.5,53,668
0.35,1,61.3,56,669
0.31,4,61.4,57,671
0.31,4,61.7,57,671
0.31,4,61.5,57,671
0.37,2,61.4,56,671
0.41,1,62.2,56,671
0.27,6,61,56,672
0.32,2,62,57,672
0.32,2,62.4,55,672
0.32,2,62.1,56,672
0.29,5,60.2,56,673
0.29,5,61.5,56,673
0.29,5,62.4,56,673
0.32,2,62.1,55,673
0.29,6,60.6,57,673
0.29,6,61.3,55,673
0.29,6,62,56,673
0.3,3,61.1,56,673
0.3,3,61.4,55,673
0.39,1,61,55,675
0.3,2,61.7,56,675
0.3,2,61.4,54,675
0.3,2,62.3,56,675
0.3,2,62.5,53,675
0.3,2,63,56,675
0.3,2,61.3,56,675
0.3,2,61.3,56,675
0.3,2,63,55,675
0.3,2,63,55,675
0.3,2,62.2,57,675
0.33,0,61.9,56,434
0.35,4,61.9,57,676
0.31,5,60.2,58,676
0.31,4,62.5,53,677
0.31,4,61.2,54,677
0.31,4,62.1,54,677
0.36,3,62.3,57,678
0.32,3,62.4,56,679
0.34,3,62,55,681
0.37,2,60.3,56,682
0.42,0,61.5,56,682
0.39,0,62,55,683
0.31,2,61.1,55,684
0.3,4,62,57,684
0.3,5,61.7,57,684
0.3,4,61.5,57,684
0.3,4,60.9,57,684
0.3,4,61.1,57,684
0.3,4,61.5,56,684
0.3,4,61.5,55,684
0.3,4,62.7,57,684
0.3,4,62.2,55,684
0.3,4,60.6,57,684
0.3,4,62.7,57,684
0.42,0,62.3,55,686
0.31,4,61.3,56,687
0.31,4,61.5,56,687
0.31,4,61.8,54,687
0.31,4,61.8,56,687
0.31,4,60.9,56,687
0.31,4,62.2,54,687
0.31,4,62.1,54,687
0.31,4,62.4,54,687
0.31,4,60.8,56,687
0.3,4,62.5,53.8,687
0.41,1,61.7,54,688
0.38,1,61.2,58,688
0.36,1,62.7,55,689
0.32,4,61.4,56,692
0.4,1,62,55,692
0.44,0,61.1,55,694
0.38,1,60.6,57,695
0.38,1,61.5,55,695
0.31,3,61.9,56,695
0.31,3,62.7,57,695
0.32,3,59.8,57.9,696
0.43,0,62.3,53,696
0.32,4,61.3,55,698
0.32,4,61.2,58,698
0.31,2,61.4,57,698
0.31,2,62.2,56,698
0.24,3,62.3,57,436
0.31,0,62,54,436
0.31,0,62.2,54,436
0.31,0,61.9,55,436
0.25,3,62,54,438
0.25,3,62.3,54,438
0.25,3,62.6,53,438
0.25,3,62.7,54,438
0.31,2,59.1,57,698
0.31,2,59.6,57,698
0.31,2,61.6,55,698
0.31,2,61.6,54,698
0.31,2,61.7,55,698
0.31,2,62.4,54,698
0.31,2,61.4,56,698
0.31,2,61.8,57,698
0.31,2,62,57,698
0.31,2,61.7,57,698
0.31,2,61.4,57,698
0.31,2,63,54,698
0.31,2,62.7,57,698
0.31,2,62.9,57,698
0.31,2,62.4,55,698
0.31,2,62.9,56,698
0.31,2,62.3,56,698
0.33,3,61.1,55,699
0.33,3,61.5,56,699
0.33,3,61.6,57,699
0.33,3,61.9,55,699
0.4,1,61.3,56,701
0.33,4,62.6,53,702
0.4,1,60.2,56,702
0.42,1,62.2,53,704
0.35,3,62.6,54,706
0.35,3,60.6,56,706
0.24,3,61.8,56,442
0.35,3,62.1,56,706
0.35,3,61.9,55,706
0.35,3,60.5,57,706
0.35,3,61.9,55,706
0.32,3,61.3,55,707
0.31,4,60.8,56,707
0.31,4,61.7,54,707
0.31,4,62.1,56,707
0.31,4,61.4,56,707
0.31,4,62.4,56,707
0.31,4,62.7,57,707
0.31,4,61.9,55,707
0.31,4,62.4,56,707
0.31,4,62.7,57,707
0.31,4,61.8,56,707
0.32,4,61.6,55,708
0.32,4,62,54,708
0.32,4,62,56,708
0.32,4,62.1,54,708
0.32,4,61.6,56,708
0.45,0,61.9,54,709
0.31,5,61.3,60,710
0.38,1,61.6,54,710
0.33,4,62.3,56,713
0.33,4,61.9,55,713
0.33,4,61.5,55,713
0.31,1,61.3,58,443
0.32,1,62.6,55,445
0.31,1,61.7,54,446
0.31,1,61.2,55,446
0.39,0,60.9,56,716
0.32,3,62.3,55,718
0.32,3,62.5,57,718
0.41,1,62.6,54,719
0.3,5,61.8,56,720
0.34,3,60.6,57,720
0.32,2,59.8,57,720
0.32,2,60.3,57,720
0.32,2,61.4,55,720
0.32,2,61.8,55,720
0.32,2,61.8,55,720
0.32,2,61.5,57,720
0.32,2,61.6,57,720
0.32,2,62,57,720
0.32,2,61.8,57,720
0.32,2,62.5,56,720
0.32,2,61.4,57,720
0.32,2,62,57,720
0.32,2,61.7,57,720
0.32,2,61.8,57,720
0.32,2,61.4,56,720
0.38,2,61,55,721
0.38,2,59.5,58,721
0.29,6,61.3,56,721
0.34,4,62,55,722
0.4,0,62.5,53,723
0.38,1,61,55,723
0.36,3,61.5,58,725
0.36,1,61.8,55,725
0.38,2,60.4,57,726
0.31,4,62,56,726
0.36,3,61.6,56,726
0.33,4,61.3,56,730
0.33,4,61.7,55,730
0.33,4,61.6,54,730
0.32,4,60.6,57,730
0.32,4,62.2,56,730
0.32,4,62.1,55,730
0.32,4,61.4,55,730
0.32,4,61.3,56,730
0.32,4,61.8,55,730
0.32,4,61.7,57,730
0.32,4,62.2,55,730
0.32,4,62.4,56,730
0.32,4,62.6,57,730
0.32,4,61.6,55,730
0.32,4,61.5,57,730
0.32,4,61.9,57,730
0.32,4,62.1,57,730
0.32,4,62,55,730
0.32,5,61.7,56,730
0.32,4,62.4,54,730
0.32,4,61.2,56,730
0.32,4,61.1,55,730
0.32,5,61.3,60,732
0.32,5,61.3,55,733
0.3,5,60.6,57,734
0.34,4,62,56,735
0.3,5,60.9,56.8,735
0.3,5,62,54.9,735
0.4,1,62.7,57,736
0.3,5,61.4,56,737
0.37,3,61.9,54,741
0.35,3,61.3,54,741
0.4,1,62.3,54,741
0.4,1,62.5,54,741
0.31,5,61.8,55,743
0.38,2,61.6,55,743
0.38,2,61.6,57,743
0.33,2,62.8,54,743
0.33,2,61.2,55,743
0.33,2,61.2,55,743
0.33,2,62.6,57,743
0.33,2,62.2,56,743
0.33,2,62,57,743
0.33,2,61.6,55,743
0.33,2,62.2,56,743
0.33,2,62.3,55,743
0.33,2,62.6,56,743
0.33,2,62.5,57,743
0.33,2,62.3,57,743
0.39,2,60.7,54,745
0.39,2,61.5,57,745
0.4,0,60.4,56,745
0.37,1,61.8,55,745
0.32,1,61.8,55,449
0.36,3,61.3,56,746
0.36,3,61.1,55,746
0.3,5,60.4,58,747
0.3,5,61.7,55,747
0.39,1,61.3,54,748
0.31,3,61.9,55,749
0.34,4,62.4,53,751
0.39,3,61.3,56,752
0.33,4,60.1,57,752
0.33,4,61.7,55,752
0.33,4,61.5,56,752
0.33,4,61.7,56,752
0.33,4,62.5,54,752
0.33,4,62.7,55,752
0.3,5,62.6,55,753
0.3,5,62.2,56,753
0.3,5,62.1,58,753
0.33,4,62,53.5,754
0.31,5,60.2,61,755
0.31,5,59,62,755
0.35,4,61.8,55,756
0.42,1,60.7,57,756
0.38,2,61.9,54.1,757
0.32,0,61.6,56,450
0.32,0,61.8,55,450
0.32,0,62.2,53,450
0.31,5,62.4,54,759
0.38,3,62.4,54,759
0.41,1,61.4,56,759
0.41,1,61.9,54,759
0.33,4,60.4,57,761
0.36,3,60.6,57,761
0.43,1,62.2,54,763
0.3,5,61.8,57,764
0.3,5,62.1,57,764
0.3,5,62.2,57,764
0.3,5,61.5,57,764
0.3,5,62,58,764
0.3,5,61.9,57,764
0.3,5,61.7,54,764
0.3,5,61.7,57,764
0.3,5,61.7,57,764
0.3,5,61.8,56,764
0.3,5,61.1,57,764
0.3,5,62.7,54,764
0.3,5,61.4,58,764
0.3,5,62,54,764
0.3,5,62.3,54,764
0.3,5,62,58,764
0.3,5,61.4,57,764
0.3,5,62.2,57,764
0.3,5,61.6,58,764
0.3,5,61.9,54,764
0.3,5,61.5,55,764
0.34,2,62.1,57,765
0.34,2,61.8,56,765
0.34,2,61.1,55,765
0.34,2,61.5,55,765
0.34,2,62.7,55,765
0.34,2,61.9,55,765
0.34,2,61,57,765
0.34,2,61.4,57,765
0.34,2,61.7,56,765
0.34,2,61.3,55,765
0.34,2,62,54,765
0.34,2,62,56,765
0.34,2,62.2,55,765
0.34,2,61.5,57,765
0.34,2,62.1,55,765
0.34,2,62.5,57,765
0.34,2,62.2,53,765
0.34,2,61.5,56,765
0.34,2,62.9,55,765
0.34,2,62,55,765
0.34,2,62.2,57,765
0.38,2,62.2,56,766
0.38,2,61.5,54.4,768
0.38,2,62.1,54.5,768
0.31,5,61.4,57,772
0.31,5,62.5,56,772
0.31,5,60.8,56,772
0.31,5,62.5,56,772
0.31,5,62.3,56,772
0.31,5,61.4,56,772
0.31,5,62.4,56,772
0.44,1,62.7,57,772
0.44,1,61.5,57,772
0.32,3,60.7,56,773
0.32,3,61.9,55,773
0.34,4,61.1,57,775
0.34,4,61.6,56,775
0.34,4,62.1,55,775
0.34,4,61.9,57,775
0.34,4,62.6,54,775
0.36,4,61.6,57,776
0.36,4,62.3,56,776
0.3,3,59.9,56,776
0.3,3,62,54,776
0.3,3,61.8,55,776
0.3,3,61.4,55,776
0.3,3,61.9,56,776
0.3,3,61.7,57,776
0.3,3,62.5,57,776
0.3,3,61.4,57,776
0.3,3,62.2,55,776
0.3,3,62.9,57,776
0.3,3,61.5,56,776
0.3,3,61.8,54,776
0.3,3,62.6,57,776
0.3,3,62.8,57,776
0.3,3,62.8,57,776
0.3,3,61.5,57,776
0.3,3,62.3,56,776
0.42,1,62.2,53,777
0.31,5,62.3,53,778
0.31,5,61.6,54,778
0.38,2,61.2,55,778
0.32,5,60.3,58,779
0.32,5,61.7,56,779
0.47,0,61.3,56,784
0.47,0,62.4,55,784
0.31,6,62.8,56,786
0.32,5,61.8,56,786
0.39,2,62.2,53.9,787
0.41,1,61.2,56,788
0.31,5,60.9,55,789
0.31,5,62.1,55,789
0.31,5,61.5,55,789
0.31,5,62,54,789
0.31,5,61.3,56,789
0.31,5,61.8,54,789
0.31,5,62.5,54,789
0.31,5,61.8,54,789
0.31,5,62.3,54,789
0.31,5,62.2,55,789
0.31,5,62,56,789
0.31,5,60.2,58,789
0.31,5,61.9,55,789
0.31,5,61.9,54,789
0.31,5,62.5,54,789
0.31,5,61.9,54,789
0.31,5,62,55,789
0.31,5,61.6,55,789
0.31,5,62.1,55,789
0.31,5,62,53,789
0.31,5,61.6,57,789
0.31,5,61,57,789
0.31,5,61.7,54,789
0.31,5,62.6,53,789
0.31,5,61,56,789
0.31,5,61.5,54,789
0.31,5,62.1,53,789
0.43,1,62.6,56,789
0.3,5,62.6,54,789
0.3,5,62.3,55,789
0.3,5,62,55,789
0.3,5,61.3,56,789
0.3,5,62.3,54,789
0.33,1,61.8,54,453
0.25,3,62.7,56,454
0.25,3,62.5,55,454
0.28,1,61.2,54,455
0.26,3,62.1,54,456
0.3,5,61.7,57,789
0.3,5,62.6,54,789
0.3,5,62.2,57,789
0.3,5,61.7,55,789
0.43,1,61.5,57,790
0.4,2,62.5,54,792
0.4,2,62.3,54,792
0.4,2,62.4,54,792
0.36,4,61.5,55,794
0.36,4,61.8,54,794
0.36,4,61.7,54,794
0.38,3,61.5,57,794
0.3,6,62.6,56,794
0.3,3,61.8,56,795
0.43,1,61.8,55,795
0.43,1,62,55,795
0.32,5,62.3,56,796
0.32,5,61.4,57,796
0.32,5,61.1,55,796
0.31,5,60.5,57,798
0.37,3,60.9,57,798
0.35,4,61,57,798
0.35,4,62.1,56,798
0.42,4,62,56,798
0.42,1,62,54,799
0.3,6,62.4,55,799
0.43,0,61.1,55,800
0.38,3,62.5,56,800
0.41,2,60.7,56,801
0.31,6,62,54,801
0.33,5,61.8,59,802
0.33,5,60.4,58,802
0.32,5,62.1,54,802
0.39,3,61.8,55,802
0.31,3,61.3,56,802
0.26,3,61.4,56,456
0.27,2,61.4,55,459
0.25,2,61.4,57,459
0.25,2,61.8,58,459
0.32,0,61.6,56,459
0.31,3,61.5,56,802
0.31,3,61,55,802
0.31,3,61.4,56,802
0.31,3,62.4,55,802
0.31,3,62.1,55,802
0.31,3,62.1,55,802
0.31,3,62.5,57,802
0.31,3,62.9,57,802
0.4,2,62.6,56,804
0.33,5,60.9,56.7,806
0.35,2,61.3,56,807
0.46,0,61.1,57,807
0.4,2,62.3,57,807
0.4,2,61.2,57,807
0.37,2,60.5,56,809
0.37,3,61,55,810
0.41,0,60.9,56,810
0.33,5,62.3,55,810
0.41,2,61.7,54,811
0.25,3,62.3,53,460
0.32,1,61.4,55,461
0.32,1,61.3,57,461
0.34,5,60.4,56,813
0.44,1,61.1,56,813
0.3,6,61.8,55,813
0.32,5,61.2,55,814
0.32,5,61.4,57,814
0.32,5,61.9,55,814
0.32,5,61.2,55,814
0.32,5,61.7,56,814
0.32,5,61.6,55,814
0.32,5,61.4,57,814
0.32,5,61.1,55,814
0.32,5,61.1,55,814
0.32,5,62.2,53,814
0.32,5,61.2,56,814
0.32,5,61.8,55,814
0.32,5,61.8,54,814
0.32,5,61.8,54,814
0.37,4,61.6,55,815
0.39,2,62,57,816
0.31,5,62.5,57,816
0.31,5,62.5,55,816
0.31,5,61.9,55,816
0.31,5,61.2,56,816
0.31,5,59.5,56,816
0.31,5,60.6,57,816
0.31,5,61.6,56,816
0.31,5,60.8,56,816
0.31,5,61.7,57,816
0.31,5,62.5,54,816
0.31,5,60.7,57,816
0.38,3,62.3,55,817
0.43,1,61.7,55,818
0.3,4,62.2,54,819
0.3,4,62.9,55,819
0.4,3,62.3,57,819
0.35,4,61.8,55,820
0.33,5,61.4,55,820
0.33,5,62.4,56,820
0.36,4,62.3,56,821
0.42,3,61,56,823
0.31,3,61,56,824
0.4,2,60.9,58,825
0.3,6,62.6,54,826
0.31,1,62.2,55,462
0.31,1,62.2,55,462
0.41,2,61.4,54,827
0.41,2,62.1,57,827
0.41,2,62.7,56,827
0.41,2,62.4,55,827
0.41,2,62.7,55,827
0.41,2,59.8,57,827
0.41,2,62.7,56,827
0.41,2,60.9,57,827
0.41,2,62.4,54,827
0.41,2,61.4,55,827
0.41,2,62.5,56,827
0.41,2,62.7,56,827
0.41,2,62.5,54,827
0.41,2,62.2,57,827
0.32,3,60.8,57,828
0.32,3,61.3,55,828
0.32,3,60.5,56,828
0.32,3,61.2,56,828
0.32,3,61.8,55,828
0.32,3,61.2,56,828
0.32,3,62.1,55,828
0.32,3,61.2,57,828
0.32,3,61.7,55,828
0.32,3,61.9,55,828
0.32,3,61.6,57,828
0.32,3,62.8,54,828
0.32,3,61.6,56,828
0.32,3,62.1,55,828
0.32,3,62.9,57,828
0.32,3,61.7,55,828
0.32,3,62,56,828
0.32,3,63,55,828
0.32,3,62,56,828
0.32,3,62.3,54,828
0.32,3,62.3,56,828
0.32,3,61.3,57,828
0.32,3,62.3,55,828
0.32,3,61.2,56,828
0.42,0,60.7,57,829
0.3,6,62.3,52.8,830
0.3,6,62,54.4,830
0.45,1,61.6,54,831
0.38,3,61.3,55.8,832
0.37,2,61.3,57,833
0.37,2,61.5,56,833
0.37,2,62.2,57,833
0.37,2,60.8,57,833
0.33,0,61.4,54,463
0.33,0,61.2,56,463
0.33,0,61.7,55,463
0.38,3,61.8,56,833
0.38,3,60.8,56,833
0.41,0,61,57,836
0.33,5,61.6,55,838
0.33,5,61.8,55,838
0.33,5,61.7,54,838
0.33,5,60.9,57,838
0.33,5,61.7,55,838
0.33,5,61.7,55,838
0.33,5,61.1,56,838
0.33,5,62,55,838
0.31,6,61.6,56,839
0.38,2,61.5,57,840
0.31,6,61.5,57,840
0.48,0,62,54,841
0.32,5,61.9,56,842
0.32,5,61.1,57,842
0.32,5,61.4,55,842
0.32,5,61.1,53,842
0.32,5,62.4,55,842
0.32,5,62.4,56,842
0.32,5,60.2,56,842
0.32,5,60.8,56,842
0.32,5,62,57,842
0.32,5,62.2,55,842
0.34,5,61.5,56,844
0.34,5,60.5,55,844
0.3,6,62.2,55,844
0.3,6,61,56,844
0.3,6,61.8,57,844
0.31,4,62.7,57,846
0.42,2,62.2,56,847
0.42,2,60.8,57,847
0.42,2,62.1,56,847
0.42,2,62.4,54,847
0.42,2,61.7,57,847
0.42,2,61.6,56,847
0.42,2,62.2,54,847
0.42,2,61.2,56,847
0.42,2,61.8,56,847
0.35,5,61.7,55,849
0.3,4,61.8,57,850
0.3,6,61.7,53,850
0.3,6,62.2,56,850
0.37,2,61.6,55,851
0.45,1,62,54,852
0.35,5,61.8,54.5,853
0.39,3,62.2,54.3,853
0.31,6,61.6,54,853
0.31,6,60.5,61,853
0.33,3,62.1,54,854
0.33,3,62.3,54,854
0.33,3,60.1,55,854
0.33,3,62.1,55,854
0.33,3,62.1,55,854
0.33,3,61.7,56,854
0.33,3,61.4,55,854
0.33,3,61.4,54,854
0.33,3,61.9,56,854
0.33,3,62.1,54,854
0.33,3,62.4,56,854
0.33,3,61.8,56,854
0.33,3,61.9,55,854
0.33,3,61.6,57,854
0.33,3,62.1,56,854
0.33,3,62.1,56,854
0.33,3,62.3,57,854
0.33,3,62.9,57,854
0.4,1,61,55,855
0.38,1,61.3,56,855
0.38,1,62.4,57,855
0.38,1,60.9,56,855
0.39,2,62.5,54,857
0.33,5,61.9,55,858
0.4,2,62.1,58,859
0.33,6,62.7,56,861
0.41,1,62.2,56,861
0.34,5,61.3,55,863
0.34,5,61.9,54,863
0.34,5,62.1,53,863
0.34,5,61.7,56,863
0.3,6,61.5,55,863
0.3,6,61.6,53,863
0.3,6,61.3,55,863
0.3,6,62.1,55,863
0.3,6,62.4,55,863
0.3,6,62.3,56,863
0.3,6,61.9,57,863
0.3,6,62.4,54,863
0.3,6,60.7,57,863
0.3,6,62,55,863
0.3,6,61.2,57,863
0.3,6,62,54,863
0.3,6,62.1,55,863
0.3,6,60.9,58,863
0.3,6,61.6,56,863
0.3,6,61.8,55,863
0.3,6,62.3,54,863
0.3,6,62.1,55,863
0.3,6,60.9,56,863
0.3,6,61.5,56,863
0.3,6,62.1,54,863
0.3,6,62.3,56,863
0.3,6,61.4,57,863
0.3,6,62.2,55,863
0.3,6,60.9,57,863
0.3,6,62.1,53,863
0.3,6,62.5,54,863
0.3,6,62.3,55,863
0.3,6,61.9,55,863
0.3,6,61,57,863
0.3,6,62.1,57,863
0.46,0,62.2,53,864
0.39,1,60.5,56,866
0.33,5,62.3,55,868
0.33,5,61.7,54,868
0.33,5,62,56,868
0.33,5,60.8,56,868
0.33,5,61.7,56,868
0.33,5,62,56,868
0.33,5,62.2,57,868
0.33,5,61.5,56,868
0.33,5,61.8,55,868
0.35,5,60.7,56,868
0.4,3,61.8,57,868
0.44,2,62,55,869
0.36,3,62.3,57,869
0.41,3,61.2,57,870
0.4,0,60.6,56,870
0.31,6,61,55,871
0.31,6,62.1,56,871
0.31,6,62.5,56,871
0.31,6,62.3,56,871
0.31,6,61.9,56,871
0.31,6,61.5,54,871
0.31,6,61.1,57,871
0.31,6,61.7,55,871
0.31,6,60.7,58,871
0.3,1,62.3,54,469
0.3,5,62.1,56,873
0.38,4,60.7,57,873
0.4,1,60.9,55,873
0.4,1,61.8,57,873
0.4,1,60.9,55,873
0.41,1,61.8,55,876
0.4,3,62.4,57,877
0.4,3,61.3,55,877
0.4,3,62.2,56,877
0.4,3,60.7,57,877
0.3,4,60.9,57,878
0.3,4,61.1,57,878
0.3,4,60.6,57,878
0.3,4,61.5,55,878
0.3,4,62.9,55,878
0.3,4,61.5,56,878
0.3,4,63,57,878
0.3,4,62,57,878
0.3,4,61.5,57,878
0.3,4,62.7,57,878
0.3,4,62.7,57,878
0.3,5,61.7,57,878
0.3,4,62.2,55,878
0.38,4,62,57,879
0.38,4,60,56,879
0.43,3,61.2,57,880
0.23,1,61.2,56,375
0.26,1,61.8,55,377
0.38,3,62,55,882
0.42,1,63,55,882
0.4,4,61.4,53,883
0.32,6,62.3,54,883
0.36,5,62.1,56,884
0.39,4,62.1,56,886
0.35,5,61.2,56,887
0.35,5,61,56,887
0.35,5,61.7,56,887
0.36,4,61.8,55,888
0.41,2,62.2,57,891
0.31,6,61.4,55,891
0.31,6,61.4,55,891
0.31,6,62.2,55,891
0.31,6,61.9,55,891
0.31,6,61.6,56,891
0.31,6,61,56,891
0.31,6,61.3,54,891
0.31,6,61.4,56,891
0.31,6,62.6,53,891
0.31,6,61.8,56,891
0.31,6,61.9,54,891
0.31,6,61.8,55,891
0.31,6,61.8,54,891
0.31,6,61.9,54,891
0.31,6,61,57,891
0.31,6,61.7,56,891
0.31,6,62,54,891
0.31,6,61.7,55,891
0.31,6,61.6,55,891
0.31,6,61.3,56,891
0.31,6,62.1,54,891
0.31,6,61.3,57,891
0.31,6,62.1,54,891
0.31,6,60.2,59,891
0.31,6,61.9,53,891
0.31,6,61.7,54,891
0.31,6,62.1,54,891
0.31,6,61,57,891
0.31,6,61.6,55,891
0.31,6,61.2,56,891
0.31,6,61.2,55,891
0.31,6,62.1,54,891
0.36,5,60,56,892
0.34,5,62.5,53,895
0.34,5,62.1,57,895
0.3,6,62.1,55,895
0.3,6,62.6,57,895
0.34,5,62.1,55,895
0.3,6,61.7,55,895
0.3,6,60.9,57,895
0.3,6,61.4,57,895
0.3,6,62,56,895
0.42,1,61.6,56,896
0.34,3,61.3,55,898
0.32,6,61.7,57,898
0.32,6,61.4,55,898
0.32,6,61.8,55,898
0.41,3,61.7,57,899
0.41,3,60.8,57,899
0.41,3,62.4,57,899
0.41,3,61.5,56,899
0.41,3,61.6,57,899
0.41,3,61.4,55,899
0.41,3,61.9,57,899
0.41,3,60.8,56,899
0.41,3,59.8,57,899
0.41,2,61.6,54,900
0.4,1,60.2,56,900
0.33,4,62.6,53,901
0.39,4,61.9,56,902
0.39,4,60.7,55,902
0.39,4,60.6,57,902
0.32,6,61.5,55,905
0.32,6,61.3,56,905
0.35,3,62.6,54,906
0.35,3,60.5,57,906
0.35,3,61.9,55,906
0.35,3,62.5,55,906
0.35,3,61.9,55,906
0.35,3,62.1,56,906
0.42,2,62.2,54.1,907
0.31,4,60.8,56,907
0.34,1,62.7,57,473
0.31,4,61.9,55,907
0.31,4,62.4,56,907
0.31,4,61.7,54,907
0.31,4,61.4,56,907
0.31,4,62.7,57,907
0.31,4,62.4,56,907
0.31,4,61.8,56,907
0.31,4,62.1,56,907
0.31,4,62.7,57,907
0.31,4,62.1,56,907
0.31,4,62.6,57,907
0.37,4,62,56,909
0.35,6,61.3,56,910
0.34,5,61.8,56,913
0.4,4,61.1,57,915
0.44,3,61.9,54,915
0.4,4,62.4,57,917
0.4,4,62.6,53,917
0.37,4,61.9,54,917
0.43,1,61.3,55,917
0.32,6,61.6,55,918
0.32,6,61.9,54,918
0.32,6,61,56,918
0.32,6,62.1,53,918
0.32,6,61.3,55,918
0.32,6,62.3,53,918
0.32,6,61,56,918
0.32,6,61,57,918
0.32,6,61.7,56,918
0.32,6,61.2,56,918
0.32,6,61.6,55,918
0.32,6,61.1,57,918
0.32,6,61.4,55,918
0.32,6,61.7,54,918
0.32,6,61.3,56,918
0.32,6,61,57,918
0.32,6,61.8,55,918
0.32,6,60.9,57,918
0.32,6,61.7,54,918
0.32,6,62.2,54,918
0.32,6,61.2,55,918
0.32,6,62.1,55,918
0.32,6,61.3,54,918
0.32,6,61.9,55,918
0.32,6,62,54,918
0.32,6,61.9,53,918
0.32,6,62.2,53,918
0.32,6,61.5,55,918
0.32,6,61.8,55,918
0.39,1,61.4,55,919
0.33,1,62.2,54,475
0.33,1,61.3,56,475
0.3,1,61.8,56,477
0.3,1,62.3,58,477
0.3,1,61,58,477
0.42,3,61.3,57,921
0.42,3,62.5,54,921
0.42,3,61.9,56,921
0.42,3,61.2,54,921
0.42,3,61.8,57,921
0.42,3,61.4,56,921
0.42,3,61.8,56,921
0.42,3,62,55,921
0.42,3,62.7,54,921
0.35,3,61.1,56,923
0.41,1,62.6,54,923
0.41,1,62.9,56,923
0.31,6,62.7,57,924
0.31,6,61.7,56,924
0.31,6,61.9,56,924
0.31,6,61,56,924
0.31,6,62.6,57,924
0.31,6,61,56,924
0.31,6,61.6,55,924
0.33,6,61,56,925
0.33,6,61,57,925
0.33,6,61.9,56,925
0.4,0,62.1,55,926
0.37,6,60.5,56,926
0.38,4,61.5,55.2,929
0.38,4,61.9,55.6,929
0.38,4,62.2,54.3,929
0.38,4,62.3,53.6,929
0.38,4,61.3,56.4,929
0.46,1,62,53,930
0.4,4,61.9,55,931
0.4,4,62.6,57,931
0.4,4,62.3,54,931
0.4,4,61.6,56,931
0.31,4,62,56,931
0.36,3,62.9,57,932
0.36,3,61.6,56,932
0.42,4,60.6,56,933
0.46,1,62.2,53.4,934
0.43,0,61.3,56,935
0.37,5,61.4,55,936
0.32,4,61.9,57,936
0.3,1,62,53,477
0.3,1,62.3,56,477
0.3,1,61.4,57,477
0.3,1,62.2,54,477
0.3,1,62.2,57,477
0.3,1,62,58,477
0.3,1,62.3,56,477
0.3,1,62.3,57,477
0.32,1,61.3,57,477
0.32,4,61.1,55,936
0.32,4,61.3,56,936
0.32,4,61.7,57,936
0.32,4,61.8,55,936
0.32,4,62.2,55,936
0.32,4,60.6,57,936
0.32,4,61.4,55,936
0.32,4,62,55,936
0.32,4,61.2,56,936
0.32,4,61.6,55,936
0.32,4,62.4,56,936
0.32,4,61.5,57,936
0.32,4,62.1,57,936
0.32,4,62.2,56,936
0.32,4,62.6,57,936
0.32,4,62.1,55,936
0.32,4,62.2,57,936
0.32,4,62.4,54,936
0.32,5,61.7,56,936
0.42,4,62.7,57,938
0.41,4,62.2,54,939
0.32,6,61.9,56,940
0.43,3,61.2,57,941
0.43,2,61.7,55,942
0.4,1,61.5,57,942
0.38,4,61,56,943
0.43,3,62.3,56,943
0.43,3,61.1,56,943
0.43,3,61.9,55,943
0.43,3,61.3,57,943
0.43,3,61.9,55,943
0.42,1,62.9,54,945
0.42,1,62.5,56,945
0.36,5,62.1,56,945
0.3,5,61.4,56,945
0.33,6,61.5,55,946
0.33,6,61.2,56,946
0.33,6,61.7,56,946
0.33,6,61.8,54,946
0.33,6,61.9,55,946
0.33,6,60.9,57,946
0.33,6,61.3,55,946
0.33,6,61,56,946
0.33,6,61.7,55,946
0.33,6,61,55,946
0.32,1,61.3,56,477
0.32,1,62.5,55,477
0.38,5,61.2,54,949
0.41,2,60.9,56,949
0.36,3,61.4,56,949
0.43,1,61.1,57,951
0.39,4,61.6,56.6,952
0.39,4,62,54.5,952
0.39,4,61.7,54.2,952
0.39,4,62.2,54,952
0.34,6,61.1,57,952
0.34,6,61.5,56,952
0.43,4,62,55,954
0.32,6,60.5,57,954
0.32,6,61.8,55,954
0.32,6,61.2,57,954
0.32,6,60.9,56,954
0.38,2,60.6,57,955
0.34,5,62.1,57,956
0.3,6,62,56,956
0.34,5,62.1,55,956
0.34,5,62.5,53,956
0.3,6,61.4,57,956
0.3,6,62.1,55,956
0.3,6,62.8,57,956
0.3,6,60.9,57,956
0.3,6,61.7,55,956
0.3,6,62.8,57,956
0.3,6,62.6,57,956
0.3,6,63,53,956
0.35,6,60.7,57,959
0.35,6,60.2,57,959
0.41,4,60.9,56,960
0.42,4,62.3,53,961
0.41,3,60.8,57,961
0.41,3,59.8,57,961
0.41,3,61.4,55,961
0.41,3,61.7,57,961
0.41,3,60.8,56,961
0.41,3,61.9,57,961
0.41,3,61.5,56,961
0.26,3,62.1,55,478
0.41,3,61.6,57,961
0.41,3,62.4,57,961
0.42,4,61.4,54,962
0.41,1,61.1,56,964
0.41,1,61.6,55,964
0.33,4,60.1,57,965
0.33,4,61.5,56,965
0.33,4,61.7,56,965
0.33,4,61.7,55,965
0.33,4,62.7,55,965
0.33,4,62.5,54,965
0.33,4,63,57,965
0.4,5,61.7,57,967
0.33,6,61.7,58,968
0.43,1,62.9,55,968
0.48,1,61.4,56,969
0.38,1,62.1,54,969
0.38,1,61.8,54,969
0.38,1,62,55,969
0.38,1,61.6,56,969
0.33,5,61,56,971
0.42,0,60.9,56,971
0.38,5,62.1,56,973
0.51,0,60.6,57,973
0.39,4,61.1,56,974
0.35,6,61.8,56,974
0.34,6,61.2,56,974
0.34,6,62.1,54,974
0.34,6,61.4,56,974
0.34,6,61.9,54,974
0.34,6,61.5,55,974
0.34,6,61,55,974
0.34,6,61.3,56,974
0.34,6,61.9,54,974
0.34,6,60.9,56,974
0.34,6,61.9,55,974
0.34,6,62.2,53,974
0.34,6,61.6,54,974
0.34,6,61.3,55,974
0.34,6,60.7,57,974
0.3,5,61.9,55,976
0.4,5,61.3,56,977
0.31,5,62.8,57,977
0.3,2,61,57,484
0.39,5,62,56,978
0.38,5,59.7,60,979
0.46,1,61.5,55,979
0.35,6,62.6,57,979
0.35,6,60.2,55,979
0.35,6,61.2,57,979
0.4,2,62.8,54,980
0.4,4,62.4,56,982
0.4,4,62.4,56,982
0.38,2,62.2,56,983
0.33,6,61.8,55,984
0.33,6,61.3,57,984
0.33,6,61.6,56,984
0.33,6,61.6,53,984
0.33,6,61.6,55,984
0.33,6,62.2,56,984
0.33,6,61.7,55,984
0.33,6,62.1,56,984
0.33,6,61.9,54,984
0.3,2,61.9,57,984
0.34,6,62.2,56,984
0.42,3,61.2,54,984
0.42,3,61.4,56,984
0.42,3,61.8,56,984
0.42,3,62.7,54,984
0.42,3,62,55,984
0.42,3,61.8,57,984
0.42,3,62.5,54,984
0.42,3,61.3,57,984
0.42,3,61.9,56,984
0.36,6,61.5,56,985
0.36,6,61.7,56,985
0.31,6,61.9,56,988
0.31,6,61,56,988
0.31,6,61,56,988
0.31,6,61.6,55,988
0.31,6,61.7,56,988
0.31,6,62.6,57,988
0.31,6,62.7,57,988
0.46,1,61.4,56,990
0.44,1,62.7,57,990
0.44,1,61.5,57,990
0.33,6,61.5,56,992
0.38,5,61.7,55,993
0.38,5,61.9,56,993
0.4,5,62.6,57,995
0.34,4,61.1,57,995
0.34,4,62.6,54,995
0.34,4,61.9,57,995
0.34,4,62.1,55,995
0.34,4,61.6,56,995
0.4,5,60.2,60,997
0.38,3,62.5,56,998
0.34,5,61.8,56,1000
0.41,5,61.8,55,1000
0.35,6,62,54,1001
0.35,6,61.7,55,1001
0.35,6,61.5,55,1001
0.35,6,61.9,54,1001
0.35,6,61.3,55,1001
0.4,2,60.5,57,1003
0.39,5,58.8,62,1004
0.43,3,61.6,55.1,1005
0.36,6,62,57,1006
0.41,4,61.8,56,1007
0.41,4,62.5,55,1007
0.41,4,61,57,1007
0.41,4,61.3,56,1007
0.41,4,62.2,56,1007
0.41,4,61.1,55,1007
0.41,4,60.4,56,1007
0.41,4,61.3,56,1007
0.39,3,62,55,1008
0.39,3,62.6,55,1008
0.39,5,61.8,54.4,1008
0.39,5,62.1,54.7,1008
0.39,5,62.4,53.6,1008
0.43,3,61.9,55,1008
0.43,3,61.9,55,1008
0.43,3,61.3,57,1008
0.43,3,61.1,56,1008
0.43,3,62.3,56,1008
0.32,5,61.8,56,1008
0.4,2,61,57,1010
0.5,0,61.2,56,1011
0.3,5,61.7,55,1013
0.3,5,62,55,1013
0.3,5,62.6,54,1013
0.3,5,62.3,54,1013
0.3,5,62.3,55,1013
0.3,5,61.7,57,1013
0.3,5,61.3,56,1013
0.3,5,62.2,57,1013
0.3,5,62.6,54,1013
0.3,5,62.9,57,1013
0.34,6,61.9,54,1014
0.34,6,61.7,55,1014
0.34,6,60.1,57,1014
0.34,6,61.6,56,1014
0.34,6,61.9,57,1014
0.3,0,61.7,57,382
0.3,0,62.5,56,382
0.23,3,61.6,55,384
0.3,1,61.2,56,487
0.3,1,60.6,57,487
0.3,1,61.8,56,487
0.32,6,60.5,57,1020
0.32,6,61.8,55,1020
0.32,6,62.9,55,1020
0.32,6,62.4,55,1020
0.32,6,61.2,57,1020
0.32,6,60.9,56,1020
0.4,1,62.6,55,1020
0.42,5,60.9,55,1023
0.35,4,62.1,56,1024
0.35,4,61,57,1024
0.3,6,62.4,55,1025
0.35,5,61,56,1028
0.54,0,61.8,55,1028
0.31,6,62,54,1028
0.36,6,62.2,53,1029
0.36,6,61.9,55,1029
0.42,4,62.1,57,1031
0.42,4,61.3,56,1031
0.42,4,60.7,55,1031
0.42,4,62.6,55,1031
0.42,4,62.4,55,1031
0.42,4,62.7,56,1031
0.42,4,62.2,56,1031
0.44,1,61.7,55,1032
0.37,6,62.4,56,1033
0.4,2,62.9,56,1035
0.4,2,62.3,57,1035
0.4,2,61.2,57,1035
0.43,5,61.4,57,1037
0.5,0,60,57,1038
0.33,5,62.3,55,1040
0.38,3,62.1,56,1040
0.35,6,61.8,56,1041
0.52,0,59.7,56,1042
0.41,2,61.4,59,1042
0.4,5,61.2,56,1043
0.4,5,62.3,54,1043
0.4,5,62,56,1043
0.4,5,62.1,53,1043
0.4,5,62.3,54,1043
0.4,5,62.4,54,1043
0.4,5,62.4,54,1043
0.4,5,62,55,1043
0.4,5,62.4,54,1043
0.35,6,61.8,55,1044
0.35,6,61.4,55,1044
0.35,6,62.3,55,1044
0.35,6,61.1,56,1044
0.31,5,59.5,56,1046
0.31,5,60.7,57,1046
0.31,5,60.6,57,1046
0.31,5,61.7,57,1046
0.31,5,61.6,56,1046
0.31,5,60.8,56,1046
0.31,5,62.8,53,1046
0.31,5,61.2,56,1046
0.31,5,62.5,55,1046
0.31,5,62.5,54,1046
0.31,5,61.9,55,1046
0.31,5,62.5,57,1046
0.42,2,61.9,57,1048
0.4,4,62.4,56,1050
0.4,4,62.4,56,1050
0.4,3,62.3,57,1050
0.4,5,61.5,59,1051
0.33,6,61.6,55,1052
0.33,6,62.2,56,1052
0.33,6,61.6,53,1052
0.33,6,61.7,55,1052
0.33,6,61.6,56,1052
0.33,6,61.8,55,1052
0.33,6,62.1,56,1052
0.33,6,61.3,57,1052
0.33,6,61.9,54,1052
0.27,2,61.5,56,490
0.27,2,61.5,55,490
0.27,2,61.6,54,490
0.27,3,62.3,56,490
0.28,3,62.1,55,490
0.36,4,62.3,56,1053
0.36,5,62.8,57,1053
0.41,5,61.6,57,1055
0.45,3,59,60,1055
0.45,3,62.8,58,1055
0.42,3,61,56,1055
0.43,4,61.4,55,1056
0.43,4,61.9,55,1056
0.43,4,60.9,57,1056
0.43,4,60.1,57,1056
0.36,5,60.9,55,1056
0.37,6,62.1,55,1056
0.37,6,61.4,55,1056
0.37,6,61.2,56,1056
0.37,6,62.1,54,1056
0.37,6,61.2,56,1056
0.37,6,61.5,56,1056
0.4,5,61.2,56,1059
0.4,5,62.2,54,1059
0.4,5,61.5,57,1059
0.4,5,61.8,53,1059
0.41,2,59.8,57,1061
0.41,2,62.4,54,1061
0.41,2,60.9,57,1061
0.41,2,62.7,55,1061
0.41,2,61.4,55,1061
0.41,2,61.4,54,1061
0.41,2,62.5,54,1061
0.41,2,62.7,56,1061
0.41,2,62.7,56,1061
0.41,2,62.1,57,1061
0.41,2,62.4,55,1061
0.41,2,62.2,57,1061
0.41,2,62.7,56,1061
0.41,2,62.5,56,1061
0.38,5,61.6,57,1067
0.41,5,60.8,56,1068
0.41,5,62.4,55,1068
0.41,5,62.4,53,1068
0.41,5,62.5,53,1068
0.38,3,61.8,56,1069
0.38,3,60.8,56,1069
0.24,3,61.8,54,490
0.37,4,60.7,55,1073
0.36,6,61.6,55,1074
0.5,0,62.1,55,1074
0.38,6,61.6,56,1074
0.41,5,60.2,57,1076
0.41,5,62.2,54,1076
0.41,4,61.3,56,1076
0.41,4,61,57,1076
0.41,4,60.4,56,1076
0.41,4,61.1,55,1076
0.41,4,62.2,56,1076
0.41,4,61.3,56,1076
0.41,4,62.5,55,1076
0.41,4,61.8,56,1076
0.41,4,62.9,56,1076
0.39,3,62.6,55,1077
0.39,3,62,55,1077
0.36,5,60.9,57,1080
0.5,0,62.1,55,1080
0.32,5,61.1,53,1080
0.32,5,61.1,57,1080
0.32,5,61.4,55,1080
0.32,5,60.2,56,1080
0.32,5,62.4,55,1080
0.32,5,60.8,56,1080
0.32,5,62.2,55,1080
0.32,5,62,57,1080
0.32,5,61.9,56,1080
0.32,5,62.4,56,1080
0.44,4,61.8,56,1081
0.41,5,62.1,54,1084
0.4,1,60.1,56,1084
0.4,1,61.3,55,1084
0.3,2,60.8,57,491
0.34,6,61.9,57,1084
0.34,6,61.7,55,1084
0.34,6,61.6,56,1084
0.34,6,60.1,57,1084
0.34,6,61.9,54,1084
0.4,3,61.4,55,1087
0.42,2,61.8,56,1087
0.42,2,61.6,56,1087
0.42,2,60.8,57,1087
0.42,2,62.2,54,1087
0.42,2,62.2,56,1087
0.42,2,61.7,57,1087
0.42,2,61.2,56,1087
0.42,2,62.4,54,1087
0.42,2,62.1,56,1087
0.52,0,61.6,55,1090
0.51,0,61.3,58,1091
0.35,4,61.2,55,1092
0.53,0,62.4,56,1093
0.43,2,62.4,56,1093
0.51,0,61.3,55,1094
0.3,5,62.1,56,1094
0.39,5,62.3,57,1095
0.4,5,60.8,57,1097
0.4,5,61.7,55,1097
0.4,5,61.8,56,1097
0.4,5,61.7,57,1097
0.4,5,60.8,54,1097
0.52,0,61.1,56,1100
0.39,6,61.9,54,1101
0.42,4,60.7,55,1103
0.42,4,61.3,56,1103
0.42,4,62.4,55,1103
0.42,4,62.7,56,1103
0.42,4,62.6,55,1103
0.42,4,62.1,57,1103
0.42,4,62.2,56,1103
0.4,3,62.9,55,1104
0.45,4,61.8,57,1105
0.5,0,61.4,57,1107
0.41,1,61.6,57,1110
0.41,1,62.1,55,1110
0.53,0,62.3,53,1113
0.33,5,61.7,54,1114
0.33,5,61.5,56,1114
0.33,5,61.7,56,1114
0.33,5,62,56,1114
0.33,5,62,56,1114
0.33,5,62.2,57,1114
0.33,5,61.8,55,1114
0.33,5,60.8,56,1114
0.33,5,62.3,55,1114
0.35,6,61.1,56,1116
0.35,6,61.4,55,1116
0.35,6,61.8,55,1116
0.35,6,62.3,55,1116
0.55,0,62.1,56,1117
0.43,5,61.5,56,1118
0.41,3,61.1,55,1121
0.51,0,61.9,55,1121
0.4,5,62.4,57,1123
0.4,5,61.6,57,1123
0.4,5,61.4,55,1123
0.4,5,61.2,56,1123
0.41,5,61,55,1123
0.41,5,61.5,57,1123
0.38,6,62,54,1125
0.33,1,61.3,56,492
0.31,1,61.8,55,493
0.31,1,61.6,57,493
0.31,1,61.9,55,493
0.31,1,61.2,56,493
0.31,1,62.1,54,493
0.3,2,62.2,54,495
0.4,3,62.8,56,1125
0.4,3,62.2,56,1125
0.4,3,62.4,57,1125
0.4,3,61.3,55,1125
0.5,0,61,57,1127
0.56,0,61,57,1127
0.51,0,61.5,55,1129
0.43,4,61.9,55,1129
0.43,4,60.9,57,1129
0.43,4,60.1,57,1129
0.43,4,61.4,55,1129
0.53,0,59.9,57,1132
0.54,0,61.8,54,1133
0.54,0,61.8,54,1133
0.54,0,62.3,58,1133
0.58,0,62,57,1134
0.45,4,61.2,56,1135
0.42,1,61.6,56,1136
0.38,5,61.6,57,1140
0.44,5,61.3,55,1143
0.48,1,61.6,55,1145
0.51,0,62.1,56,1148
0.36,6,61.6,55,1148
0.42,5,61.9,56,1150
0.52,0,61.3,56,1150
0.41,5,61.7,55,1151
0.41,5,62,56,1151
0.41,5,61.8,55,1151
0.41,5,62.1,55,1151
0.52,0,63,55,1151
0.54,0,60.4,59,1153
0.5,1,62.1,57,1153
0.28,2,62.2,54,497
0.24,4,61.2,56,498
0.33,1,61.6,56,498
0.39,6,61.7,55,1154
0.44,4,61.8,56,1155
0.44,5,62,54,1160
0.36,5,61.7,55,1163
0.47,1,60.8,56,1163
0.53,1,62.1,53,1166
0.52,0,61.5,56,1170
0.39,5,62.3,57,1170
0.53,0,61.6,55,1171
0.4,4,61.5,57,1172
0.56,0,61.9,54,1173
0.55,0,62.1,56,1173
0.5,1,62.2,56,1173
0.64,0,62.2,53,1175
0.51,1,61.5,54,1175
0.42,5,61.1,56,1179
0.42,5,61.6,55,1179
0.42,5,61.4,56,1179
0.42,5,60.6,56,1179
0.42,5,61.7,55,1179
0.31,2,60.8,56,500
0.42,5,61.6,55,1179
0.42,5,61.1,56,1179
0.42,5,60,57,1179
0.42,5,61.2,57,1179
0.42,5,61.2,56,1179
0.42,5,62,56,1179
0.5,0,60.7,56,1180
0.45,4,61.8,57,1181
0.43,5,61.8,55,1183
0.54,1,61.7,55,1187
0.51,0,62,56,1188
0.44,1,60.9,56,1188
0.39,6,62.1,53.7,1189
0.54,0,61.4,56,1192
0.57,0,61.6,54,1193
0.4,6,62,57,1193
0.52,1,61.1,55,1197
0.41,4,61.7,55,1199
0.4,6,61.2,56,1199
0.39,6,61.4,54,1200
0.4,5,61.4,55,1200
0.4,5,62.4,57,1200
0.4,5,61.6,57,1200
0.4,5,61.2,56,1200
0.39,6,61.6,56,1201
0.44,5,61.3,56,1202
0.44,5,62.3,56,1202
0.43,5,61.5,56,1207
0.43,5,61.4,55,1207
0.43,5,62,55,1207
0.43,5,60.5,57,1207
0.44,5,60.3,57,1207
0.3,2,62,56,503
0.35,1,61.8,55,503
0.39,6,60.6,56,1209
0.52,0,62.1,56,1210
0.58,0,62.1,54,1213
0.45,4,61.2,56,1213
0.55,0,61.8,55,1228
0.61,0,59.5,57,1228
0.4,6,62,56,1229
0.4,6,61.8,55,1229
0.4,6,61.7,57,1229
0.4,6,61.2,56,1229
0.4,6,62.3,55,1229
0.4,6,61.1,58,1229
0.41,5,62.1,55,1230
0.41,5,61.8,55,1230
0.41,5,61.7,55,1230
0.41,5,62,56,1230
0.44,5,61.6,56,1235
0.44,5,61.8,55,1235
0.42,5,61.2,56,1235
0.42,5,60.6,56,1235
0.42,5,61.6,55,1235
0.42,5,61.6,55,1235
0.42,5,61.1,56,1235
0.42,5,60,57,1235
0.42,5,61.2,57,1235
0.42,5,61.7,55,1235
0.42,5,61.4,56,1235
0.42,5,62,56,1235
0.42,5,61.1,56,1235
0.5,1,61.7,57,1237
0.51,1,61.7,54,1237
0.41,4,61.9,55,1238
0.31,0,62,55,391
0.4,6,63.1,54,1239
0.4,6,61.8,55,1239
0.4,2,61.1,56,1240
0.4,2,62,56,1240
0.55,0,62.1,57,1240
0.5,1,62.5,57,1240
0.42,5,62.8,55,1245
0.49,2,61.1,57,1246
0.6,0,59.1,56,1250
0.42,6,62,57,1251
0.51,1,61.5,55.5,1254
0.53,1,61.8,58,1255
0.53,1,62,60,1255
0.4,6,61.1,56,1257
0.4,6,61.5,57,1257
0.59,0,60.6,56,1258
0.41,6,62.4,54,1259
0.41,6,61.6,55,1259
0.41,6,62.4,54,1259
0.41,6,61.7,56,1259
0.41,6,61.7,56,1259
0.43,5,60.5,57,1264
0.43,5,61.4,55,1264
0.43,5,62,55,1264
0.43,5,61.5,56,1264
0.52,1,61.7,56,1266
0.41,6,61.5,57,1269
0.53,1,63,54,1273
0.41,6,62.1,57,1276
0.58,0,61.5,55,1276
0.43,6,61.6,57,1280
0.51,1,61.6,56,1281
0.51,1,63.2,58,1284
0.53,1,61,56,1284
0.43,6,61.7,57,1286
0.5,1,62.1,56,1286
0.56,1,63,55,1287
0.54,0,62.7,56,1287
0.51,1,61.7,58,1287
0.42,6,61.5,56,1289
0.42,6,61.9,53,1289
0.42,6,62.6,53,1289
0.42,6,62.3,54,1289
0.42,6,62,53,1289
0.42,6,62.2,54,1289
0.54,1,62.6,57,1292
0.44,5,61.8,55,1294
0.44,5,61.6,56,1294
0.36,0,61.4,54,505
0.36,0,61.1,54,505
0.36,0,62.3,54,505
0.36,0,60.7,58,505
0.45,5,61.7,56,1297
0.45,5,61.5,57,1297
0.46,4,62.4,54.4,1306
0.61,0,60.5,56,1306
0.53,1,62.3,55,1308
0.53,1,62.7,55,1308
0.42,6,62,57,1310
0.51,1,63,53,1312
0.57,2,60.7,56,1313
0.54,1,62.5,56,1314
0.43,6,62.5,54,1318
0.43,6,62.4,54,1318
0.43,6,61.3,56,1318
0.43,6,61.9,53,1318
0.52,1,62.2,54,1319
0.51,1,61.9,56,1321
0.56,1,61.2,59,1322
0.52,1,62.4,55,1325
0.62,0,62.1,55,1327
0.51,1,61.3,55,1329
0.53,1,62.4,55,1329
0.58,1,61.4,55,1330
0.4,6,61.4,55,1333
0.4,6,62.2,55,1333
0.41,6,62.1,57,1336
0.52,1,62.6,56,1338
0.56,1,62.5,56,1340
0.43,6,61.6,57,1341
0.51,2,62,56,1343
0.58,0,62.2,55,1343
0.56,1,62.5,57,1345
0.56,1,62.9,56,1345
0.52,1,60,56,1346
0.44,6,62.2,54,1348
0.44,6,62.2,53,1348
0.54,1,62.4,56,1350
0.54,1,61.8,58,1350
0.52,1,62.2,54,1352
0.52,1,60.4,57,1354
0.55,0,61.6,56,1358
0.45,5,61.5,57,1358
0.45,5,61.7,56,1358
0.39,5,60.7,56,1359
0.57,1,61.7,56,1364
0.33,1,61.6,56,506
0.41,6,61.7,56,1367
0.41,6,62.4,54,1367
0.41,6,62.3,55,1367
0.41,6,61,57,1367
0.41,6,61.7,56,1367
0.54,1,62,54,1368
0.54,1,61.9,54,1368
0.57,1,60.5,57,1369
0.53,1,60.7,56,1371
0.4,5,61.7,55,1374
0.59,1,63.4,56,1376
0.53,1,61.3,56,1377
0.45,6,62.8,53,1377
0.45,6,61.4,56,1377
0.45,6,62,53,1377
0.45,6,61,57,1377
0.44,6,61.3,55,1378
0.57,1,62.1,56,1384
0.54,1,61.4,54,1384
0.52,1,61.3,55,1389
0.54,1,62.6,57,1389
0.46,5,62.2,57,1393
0.42,6,62.4,57,1394
0.62,0,60.6,57,1395
0.54,1,61.5,55.1,1395
0.4,6,61.4,55,1397
0.4,6,62.2,55,1397
0.42,6,61.6,56,1400
0.42,6,60.4,55,1400
0.42,6,62.7,56,1400
0.42,6,62.1,56,1400
0.5,2,61.6,55,1400
0.54,2,61.7,55,1401
0.54,1,61.2,58,1404
0.63,0,62.8,56.3,1407
0.43,4,60.9,57,1408
0.58,1,62,58,1408
0.46,5,62,54,1412
0.46,5,61.5,55,1412
0.52,1,61.2,55,1413
0.56,1,61.3,54,1417
0.56,1,62.1,55,1417
0.55,1,61.7,58,1417
0.47,5,61.6,56,1421
0.55,1,60.9,56,1421
0.54,2,61.5,55,1422
0.5,2,62.6,57,1424
0.41,6,62,55,1425
0.51,2,61.6,56,1427
0.52,2,61.7,56,1428
0.55,1,60.8,56,1429
0.59,1,62.3,55,1431
0.41,6,61,57,1431
0.41,6,62.3,55,1431
0.41,6,61.7,56,1431
0.41,6,61.7,56,1431
0.41,6,62.4,54,1431
0.3,2,61.8,56,507
0.29,3,62.2,54,507
0.34,1,61.2,57,507
0.28,2,62.1,56,508
0.26,3,62.5,53,508
0.43,6,61.2,57,1433
0.43,6,62.1,54,1433
0.43,6,61.8,55,1433
0.43,6,61.8,56,1433
0.59,1,61.5,57,1437
0.51,2,62.4,56,1438
0.51,2,61.7,57,1438
0.53,1,61,55,1439
0.47,5,61.3,56,1441
0.57,1,62.1,55,1441
0.57,1,62.3,54,1441
0.57,1,62.2,55,1441
0.46,6,62.5,57,1441
0.56,1,62.5,56,1441
0.54,2,62.8,55,1441
0.58,1,61.4,55.8,1442
0.51,2,62.8,55,1443
0.51,2,62.2,54,1443
0.51,2,62,56,1443
0.58,1,62.2,55,1446
0.55,2,62.4,56,1448
0.5,2,62,56,1449
0.5,2,62,57,1449
0.5,2,62.5,57,1449
0.5,2,60.9,58,1449
0.5,2,61.7,54,1449
0.5,2,62,56,1449
0.51,2,61.9,55,1450
0.46,5,60.7,57,1453
0.32,1,62.3,57,508
0.31,2,62.1,54,511
0.26,4,62.7,53,514
0.35,0,61.2,56,517
0.34,2,62.4,57,517
0.37,0,61.3,55,518
0.26,1,62.2,54,394
0.26,1,62,55,394
0.26,1,62,54,394
0.51,2,62.9,54,1546
0.51,2,62.7,57,1546
0.45,6,61.7,55,1548
0.52,2,61.9,55,1549
0.53,1,61.1,55,1549
0.55,2,62.4,56,1556
0.51,2,60.7,56,1557
0.51,2,61.3,55,1557
0.51,2,61.8,55,1557
0.58,2,61.2,55,1558
0.46,6,61.6,54,1558
0.46,6,60.9,57,1560
0.62,1,61.6,56,1563
0.54,3,61.4,57,1567
0.5,3,62,54,1569
0.5,3,62.6,57,1569
0.4,6,61.9,56,1570
0.42,4,61.7,56,1571
0.48,4,62,57,1574
0.54,1,59.6,59,1574
0.52,3,61.3,56,1576
0.53,2,61.8,55,1577
0.53,2,61.2,56,1577
0.51,3,62.5,57,1577
0.52,2,62,55,1577
0.52,2,62.2,55,1577
0.61,1,62,54,1579
0.56,2,61,57,1580
0.56,2,61.7,56,1580
0.56,2,61.9,55,1580
0.56,2,61.2,56,1580
0.56,2,62.1,56,1580
0.56,2,62,56,1580
0.56,2,60.6,57,1580
0.54,2,62,54,1580
0.56,2,62.2,57,1585
0.51,2,61,56,1585
0.52,2,61.2,56,1586
0.52,2,61.9,55,1586
0.55,2,62.2,54,1588
0.55,3,60.9,56,1591
0.56,1,62.3,53,1591
0.52,2,60.8,57,1595
0.51,3,61.3,55.7,1595
0.53,2,60.9,57,1598
0.51,3,61.4,54,1599
0.51,3,62.2,55,1599
0.51,3,61.6,54,1599
0.5,2,62.2,54.1,1601
0.55,2,61.2,56.8,1604
0.54,2,61.7,56,1605
0.54,2,61.2,56,1605
0.55,1,61.9,57,1605
0.55,1,61.3,56,1605
0.55,1,61.7,55,1605
0.53,3,61.7,55,1607
0.53,3,61.6,57,1607
0.53,2,62.5,56,1607
0.53,2,62.5,55,1607
0.53,2,60.4,57,1607
0.53,2,61.8,56,1607
0.53,2,61.6,56,1607
0.53,2,60.1,54,1607
0.57,2,61.8,56,1608
0.57,2,61.8,57,1608
0.57,2,61.6,57,1608
0.28,5,62.7,55,522
0.35,1,61.3,56,522
0.57,2,60.7,55,1613
0.53,2,61.4,55,1615
0.48,3,61.9,55,1615
0.53,3,61.5,57,1615
0.56,2,62,55,1616
0.47,4,62.2,53,1618
0.52,3,62.1,54,1621
0.59,2,62.9,56,1622
0.5,3,62.3,55,1624
0.5,3,62,55,1624
0.39,6,60.1,57,1624
0.6,2,62.1,57,1625
0.53,2,61,55,1625
0.63,1,61.7,54,1628
0.63,1,62,55,1628
0.52,3,62.3,54,1629
0.56,1,62,57,1631
0.58,2,62.3,53.7,1632
0.51,3,60.2,56,1632
0.51,3,60.2,57,1632
0.51,3,59,59,1632
0.56,1,61.5,56,1633
0.56,1,61.2,54,1633
0.55,2,60.1,55,1634
0.51,3,61.2,55,1634
0.58,2,61.9,56,1636
0.54,3,62.2,56,1637
0.31,0,61.7,56,523
0.31,0,60.5,57,523
0.54,2,61.9,57,1637
0.54,2,60.7,56,1637
0.54,2,62.3,54,1637
0.54,2,60.4,57,1637
0.58,2,61.1,55,1641
0.57,2,60.2,59,1642
0.54,2,61,57,1644
0.51,3,62.3,53.5,1652
0.46,6,62.1,56,1654
0.51,3,61.7,56,1656
0.51,3,62.7,56,1656
0.51,3,62.1,55,1656
0.51,3,62.2,55,1656
0.51,3,62.5,57,1656
0.51,3,62.7,54,1656
0.51,3,61.9,56,1656
0.51,3,59.7,57,1656
0.51,3,61.7,55,1656
0.51,3,61,55,1656
0.51,3,62,56,1656
0.56,2,61.4,56,1658
0.55,2,61.8,58,1659
0.53,3,62.4,54,1659
0.61,1,61.4,56,1659
0.61,1,61.7,55,1659
0.51,2,62.3,54,1660
0.56,2,60.9,56,1662
0.56,2,60.7,55,1662
0.56,2,60.8,55,1662
0.55,2,61.4,56.3,1662
0.56,2,59.6,57,1662
0.52,3,61.2,56,1662
0.52,3,60.9,56,1662
0.51,3,61.6,56,1662
0.3,3,61.1,56,524
0.3,3,61.4,55,524
0.32,2,62.4,55,524
0.32,2,62,57,524
0.32,2,62.1,56,524
0.67,1,60.4,57,1662
0.51,3,61.8,57,1662
0.57,1,62,55,1662
0.59,2,62.6,54,1664
0.52,3,61.7,57,1665
0.53,1,61.6,57,1665
0.55,3,61.3,57,1667
0.51,3,61.9,56,1668
0.51,3,61.7,56,1668
0.51,3,60.4,59,1668
0.52,1,61.2,55,1675
0.52,1,61.4,56,1675
0.56,3,60.7,57,1682
0.43,6,61.3,55,1683
0.54,3,61.4,57,1684
0.52,3,62.3,55,1689
0.52,3,62.7,56,1689
0.52,3,61.1,55,1689
0.52,3,61.8,55,1689
0.52,3,60.9,55,1689
0.52,3,62.4,56,1689
0.52,3,62.7,57,1689
0.51,3,62.4,57,1689
0.58,1,61.5,56,1690
0.57,2,61.5,55,1691
0.52,3,60.8,55,1691
0.51,3,61.9,56,1691
0.53,3,62.2,55,1692
0.25,4,62,54,525
0.25,4,62.1,57,525
0.25,4,61.5,56,525
0.25,4,62.1,56,525
0.25,4,61.9,55,525
0.29,2,61.6,56,525
0.29,2,60.7,55,525
0.52,3,62.8,55,1694
0.52,3,63,54,1694
0.52,3,61.3,56,1694
0.53,3,61.9,55,1695
0.56,2,62.1,56,1698
0.56,2,61,57,1698
0.56,2,61.2,56,1698
0.56,2,61.7,56,1698
0.56,2,60.6,57,1698
0.56,2,62,56,1698
0.56,2,61.9,55,1698
0.59,2,62,57,1705
0.51,3,61.5,54.9,1708
0.51,3,60.9,56,1708
0.63,1,62.3,58,1711
0.69,0,62.7,54,1711
0.56,3,61.8,55,1712
0.55,2,61.8,55,1715
0.59,1,61.8,56,1718
0.58,2,61.1,56,1719
0.58,2,60.6,55,1719
0.53,3,62.7,55,1721
0.53,3,61.9,56,1721
0.53,3,62.1,57,1721
0.53,3,62.6,54,1721
0.53,3,61.8,55,1721
0.53,3,61.9,56,1721
0.52,3,61.6,54,1721
0.5,2,62.2,54,1721
0.52,3,61.4,56,1722
0.52,3,61.6,56,1722
0.52,3,61.9,55,1722
0.54,3,61.8,56,1724
0.57,2,61,55,1725
0.54,3,61.7,57,1726
0.53,3,61.7,55,1727
0.53,3,61.6,57,1727
0.57,2,61.8,57,1728
0.57,2,61.8,56,1728
0.57,2,61.6,57,1728
0.46,6,62.1,56,1733
0.54,1,61.9,55,1736
0.52,2,61.3,56,1737
0.64,1,61.6,55,1737
0.5,4,61.9,58,1741
0.52,3,62.1,54,1743
0.54,3,62,53.9,1745
0.54,3,62.1,55.1,1745
0.5,3,62,55,1746
0.5,3,62.3,55,1746
0.6,2,62.1,57,1746
0.51,4,62,57,1750
0.51,4,61.6,56,1750
0.55,2,61.6,55,1752
0.54,3,61.3,57,1754
0.54,3,62.3,55,1754
0.54,3,62,56,1754
0.54,3,61.8,54,1754
0.53,3,61.2,55,1754
0.56,1,61.6,59,1755
0.3,2,61.7,56,526
0.3,2,62.2,57,526
0.3,2,62.3,56,526
0.51,3,61.8,60,1757
0.52,3,62.4,55.1,1758
0.58,2,61.9,56,1758
0.5,4,62.2,56,1760
0.58,2,61.2,56,1760
0.54,3,62.2,56,1760
0.58,2,61.9,55,1761
0.58,2,60,56,1761
0.55,3,61.5,57,1763
0.5,4,62.1,57,1766
0.5,4,61.8,54,1766
0.53,2,61.6,57,1769
0.53,3,61.6,55.7,1772
0.59,2,62.1,57,1774
0.5,4,61,56,1779
0.51,3,62.7,54,1781
0.51,3,59.7,57,1781
0.51,3,62.2,55,1781
0.51,3,61,55,1781
0.51,3,61.7,55,1781
0.51,3,62.1,55,1781
0.51,3,61.9,56,1781
0.51,3,62.7,56,1781
0.51,3,62,56,1781
0.51,3,62.5,57,1781
0.59,1,61.3,56,1782
0.5,4,62.7,54,1784
0.52,4,61.6,56,1784
0.55,3,61.6,55,1786
0.55,3,60.9,55,1786
0.5,4,61.4,56,1787
0.3,2,61.3,56,526
0.3,2,61.3,56,526
0.59,2,62.6,54,1789
0.53,3,61.5,57,1791
0.48,6,61.9,55,1791
0.55,3,61.3,57,1792
0.51,4,62.1,55.5,1794
0.6,2,62.1,56,1795
0.53,4,62.3,54,1797
0.55,4,62.3,53,1799
0.46,5,61.6,55,1800
0.54,4,62.6,57,1801
0.52,3,61.2,56,1803
0.52,3,61.9,55.5,1803
0.59,3,64.1,54,1803
0.54,3,61.8,55.3,1804
0.53,2,60.9,56,1807
0.54,3,61.7,56,1809
0.67,1,62.9,54,1809
0.51,5,62.8,53,1810
0.51,4,60.1,56,1813
0.53,3,61.8,55,1813
0.53,3,61.9,56,1813
0.53,3,62.6,54,1813
0.53,3,61.9,56,1813
0.53,3,62.1,57,1813
0.53,3,62.7,55,1813
0.7,0,61.6,57,1814
0.47,6,62.1,54,1814
0.57,3,61.6,55,1815
0.57,3,60.6,57,1815
0.52,3,62.4,56,1815
0.52,3,61.8,55,1815
0.52,3,61.1,55,1815
0.52,3,60.9,55,1815
0.52,3,62.7,57,1815
0.52,3,62.3,55,1815
0.52,3,62.7,56,1815
0.3,2,62.5,53,526
0.27,3,62.3,53,527
0.55,3,61,56,1815
0.53,4,60.4,56,1818
0.53,4,62.5,54,1818
0.53,4,62.6,56,1818
0.56,3,62.2,55,1819
0.56,3,60.6,56,1819
0.63,2,62.6,55,1821
0.61,2,61.4,55.7,1821
0.56,3,62,56,1822
0.56,3,60.3,57,1824
0.51,4,62.5,59,1825
0.51,4,62.2,56,1827
0.51,4,61.6,56,1827
0.54,4,61.8,55,1829
0.52,5,62.1,56,1829
0.58,3,60.1,55,1830
0.52,4,62.1,56,1833
0.55,2,61.1,57,1833
0.55,2,61.2,55,1833
0.52,4,62.1,57,1835
0.5,4,62.7,55,1836
0.57,3,62.3,53.7,1837
0.56,3,60.8,55,1837
0.57,3,62.2,54,1837
0.5,4,61.2,56,1838
0.5,4,61.4,57,1838
0.5,4,60.5,55,1838
0.5,4,62.1,55,1838
0.5,4,62.3,56,1838
0.5,4,62,56,1838
0.51,5,60.8,56,1839
0.71,0,62.8,57,1840
0.55,3,60.9,55,1841
0.5,4,62.2,56,1842
0.51,4,61.6,56,1842
0.51,4,62.9,57,1842
0.51,4,62,57,1842
0.51,4,62.1,58,1844
0.59,2,61.9,56,1844
0.25,1,62.6,53,395
0.26,2,62.3,54,397
0.52,4,61.4,57,1847
0.54,3,61.9,54,1847
0.54,3,61.3,57,1847
0.54,3,62.3,55,1847
0.54,3,62,56,1847
0.54,3,61.8,54,1847
0.57,3,62.1,56,1851
0.57,3,62,55,1851
0.57,3,61.3,56,1851
0.54,4,60.8,56,1852
0.51,3,61.8,56,1852
0.51,3,60.2,56,1852
0.55,2,60.4,56,1854
0.56,3,60.7,55,1855
0.55,3,61.5,57,1856
0.5,1,60.2,57,1857
0.52,4,60.9,56,1858
0.5,4,62.8,57,1858
0.51,4,62.2,53.4,1859
0.48,6,61.6,54,1859
0.6,2,60.4,57,1861
0.6,2,62,54,1861
0.53,4,60,57,1865
0.5,5,62.2,55,1865
0.5,5,62.1,53.5,1865
0.5,5,61.8,54,1865
0.72,0,61.8,57,1866
0.5,4,61.4,56,1867
0.53,4,61.9,54,1867
0.54,4,62.2,55,1868
0.57,3,62.1,56,1868
0.54,3,61.4,55,1868
0.51,4,61.3,57,1875
0.51,4,60.1,56,1875
0.51,4,61.8,56,1875
0.51,4,61.9,55,1875
0.51,4,61.5,57,1875
0.51,4,61.1,56,1875
0.51,4,62.6,57,1875
0.51,4,61.2,55,1875
0.51,4,61.6,56,1875
0.57,3,60.3,57,1876
0.51,4,62,57,1877
0.52,4,61.6,56,1878
0.52,4,60.8,57,1878
0.52,4,61.2,55,1878
0.53,4,61.5,56,1881
0.53,4,60.4,55,1881
0.52,5,61.6,56,1881
0.55,3,60.9,55,1881
0.55,3,61.6,55,1881
0.34,1,61.9,55.5,531
0.34,1,61.8,54.4,531
0.37,1,61.1,56,531
0.5,5,62.2,55,1883
0.5,5,62.2,54,1883
0.5,5,61.9,58,1883
0.58,3,62.6,54,1884
0.58,3,62,57,1884
0.66,1,61.7,55,1885
0.52,3,60.4,57,1887
0.56,4,62.5,56,1889
0.56,3,61.2,54,1890
0.59,1,61.3,56,1891
0.53,4,62.1,54,1893
0.51,5,60.5,59,1893
0.53,4,61,56,1895
0.52,4,61.3,56,1897
0.52,4,61.6,57,1897
0.5,5,62.2,56,1897
0.58,3,60.6,56,1899
0.58,3,62.2,55,1899
0.57,3,60.8,56.8,1899
0.51,4,61.3,56,1902
0.55,3,61.5,56.7,1902
0.52,4,62.2,56,1906
0.52,4,62.7,55,1906
0.52,4,62.3,56,1906
0.67,2,61.4,57,1910
0.52,4,61.7,55,1911
0.52,4,60.8,57,1911
0.52,4,61.8,57,1911
0.52,4,59.8,57,1911
0.52,4,62.1,56,1911
0.52,4,62.4,55,1911
0.52,4,61.7,56,1911
0.52,4,61,56,1911
0.52,4,61.5,56,1911
0.52,4,61.9,55,1911
0.52,4,62.1,57,1911
0.52,4,62.3,55,1911
0.58,3,61.5,55,1911
0.58,3,61.8,55,1911
0.54,4,61.2,56,1914
0.54,4,61.2,56,1914
0.54,4,61.7,57,1914
0.53,4,62.6,56,1914
0.53,4,62.5,54,1914
0.56,3,62.2,55,1915
0.56,3,60.6,56,1915
0.55,4,62.2,54,1916
0.51,4,62.4,56,1916
0.59,3,62.1,55,1916
0.59,3,61.1,58,1916
0.51,5,61.9,53,1919
0.51,5,62.7,54,1919
0.29,3,61.9,55,532
0.38,0,62,55,532
0.54,4,62,56,1920
0.53,3,61.3,57,1922
0.51,4,61.9,55,1926
0.54,4,61.9,55,1927
0.6,2,61.1,55,1930
0.53,4,60.6,56,1932
0.52,4,62.1,57,1932
0.51,5,61,57,1933
0.51,5,60.4,57,1933
0.51,5,61.6,56,1933
0.5,4,62,56,1935
0.5,4,61.4,57,1935
0.5,4,60.5,55,1935
0.5,4,62.1,55,1935
0.5,4,62.3,56,1935
0.5,4,61.2,56,1935
0.5,4,62.9,57,1935
0.5,4,62.8,57,1935
0.52,5,61.9,54.4,1936
0.53,4,61.8,58,1941
0.57,3,61.2,55,1942
0.57,3,59.3,57,1942
0.57,3,62.5,54.2,1943
0.53,4,60.4,59,1946
0.53,4,61,56,1946
0.55,4,60.5,56,1948
0.53,4,61.4,57,1948
0.53,4,62.2,54,1948
0.53,4,61.7,56,1948
0.53,4,60.4,56,1948
0.56,4,62,54,1949
0.57,3,62,55,1949
0.57,3,62.1,56,1949
0.57,3,61.3,56,1949
0.54,4,60.8,56,1950
0.58,2,61.1,55,1951
0.53,4,60.8,57,1955
0.53,5,61.8,56,1956
0.52,4,61.4,55.3,1957
0.52,4,61.6,55,1957
0.54,3,61.6,56,1957
0.54,3,60.6,56,1957
0.54,3,61,57,1957
0.54,3,60.1,57,1957
0.52,4,61.6,54,1958
0.53,5,62.1,56,1958
0.23,5,61.9,58,536
0.23,5,61.5,57,536
0.23,5,60.8,57,536
0.23,6,61.8,56,536
0.23,6,62.8,55,536
0.23,6,61.7,55,536
0.54,4,62.4,53.4,1962
0.51,5,61.4,56,1963
0.7,0,61.8,56,1966
0.5,5,62.2,56,1966
0.59,4,62.2,56,1966
0.5,5,62.7,57,1966
0.52,5,61,57,1969
0.57,3,61.4,55,1972
0.51,4,60.1,56,1974
0.51,4,61.2,55,1974
0.51,4,61.1,56,1974
0.51,4,61.9,55,1974
0.51,4,61.5,57,1974
0.51,4,61.3,57,1974
0.51,4,61.6,56,1974
0.51,4,62.9,57,1974
0.51,4,62.6,57,1974
0.51,4,61.8,56,1974
0.51,4,62.7,55,1976
0.57,4,60.5,56,1976
0.56,4,61.6,56,1976
0.56,4,61.2,55,1979
0.55,4,62,56,1981
0.54,4,61.9,57,1981
0.54,5,61.3,56,1982
0.58,3,62.6,54,1984
0.54,4,61.4,55,1985
0.54,4,60.6,56,1985
0.54,4,61,56,1985
0.54,4,61.8,56,1985
0.54,4,62.1,56,1985
0.54,4,61.5,54,1985
0.46,6,61.7,56,1987
0.46,6,61.1,56,1987
0.53,5,62.1,54,1990
0.55,3,60.9,55,1991
0.53,4,61.7,54.5,1993
0.56,5,61.7,57,1993
0.54,1,60,57,1999
0.53,5,61.4,57,2001
0.56,4,61.4,54,2004
0.51,5,62.6,57,2005
0.51,5,62.3,55,2005
0.53,5,60.8,56,2005
0.53,5,61.8,56,2005
0.53,5,61.2,55,2005
0.54,5,62.2,53.9,2007
0.67,2,62.5,56,2010
0.52,4,60.8,57,2012
0.52,4,61.8,57,2012
0.52,4,62.4,55,2012
0.52,4,61.5,56,2012
0.52,4,61,56,2012
0.52,4,59.8,57,2012
0.52,4,62.1,56,2012
0.52,4,61.9,55,2012
0.52,4,61.7,56,2012
0.52,4,62.1,57,2012
0.52,4,62.3,55,2012
0.53,5,61.3,56,2015
0.55,4,60.5,58,2016
0.59,3,62.1,55,2018
0.55,4,61.9,56,2022
0.55,4,62,57,2022
0.55,4,62.5,56,2022
0.71,0,62.2,56,2023
0.59,4,61,57,2024
0.55,3,62.2,54.3,2025
0.51,5,61.4,55,2027
0.55,4,61.4,56,2028
0.52,5,62,55,2029
0.54,5,62,57,2030
0.71,0,61.8,56,2031
0.57,4,61.9,56,2039
0.54,5,61.3,56,2041
0.54,5,61.6,55,2041
0.54,5,61.9,54,2041
0.54,5,61.7,56,2041
0.61,3,61.8,56,2041
0.55,5,62,55,2042
0.36,1,62.7,55,537
0.53,4,60.4,56,2051
0.53,4,61.7,56,2051
0.53,4,61.4,57,2051
0.53,4,62.2,54,2051
0.52,6,61.5,56,2055
0.56,5,62.3,55,2055
0.7,0,62.9,56,2056
0.59,2,61.9,56,2057
0.56,4,60.7,56,2058
0.54,4,61.5,57,2060
0.57,3,61.1,57,2060
0.6,3,62.2,55,2061
0.52,5,61.6,55,2063
0.55,4,60.8,56.9,2064
0.55,4,61.2,55.8,2064
0.55,4,62,53.8,2064
0.52,5,60.7,55,2065
0.56,4,61.6,55,2066
0.72,0,61.9,57,2068
0.59,4,62.2,56,2070
0.5,5,62.7,57,2070
0.5,5,62.2,56,2070
0.7,1,61.2,57,2074
0.55,5,61.2,56,2077
0.55,5,60,56,2077
0.72,0,62.1,54,2079
0.72,0,62.5,57,2079
0.54,5,62.2,56,2080
0.54,5,62.2,56,2080
0.56,4,61.6,56,2081
0.54,5,61.3,56,2087
0.72,0,62.1,55.3,2089
0.54,4,61.5,54,2090
0.54,4,61,56,2090
0.54,4,60.6,56,2090
0.54,4,62.1,56,2090
0.54,4,61.4,55,2090
0.54,4,61.8,56,2090
0.6,3,61.3,60,2091
0.7,0,62.4,56,2092
0.34,1,61.9,55,540
0.34,1,61.5,55,540
0.34,1,61.8,54,540
0.32,0,63,56,540
0.32,0,62.5,55,540
0.57,4,60.7,55,2095
0.57,4,61.7,56,2095
0.57,4,61.7,54,2095
0.51,6,62.4,54,2096
0.5,6,61.5,56,2104
0.6,3,61.3,57,2105
0.53,5,61.4,57,2106
0.6,3,60.2,57,2109
0.51,5,61,57,2111
0.51,5,62.6,57,2111
0.51,5,62.3,55,2111
0.55,5,62.6,56,2116
0.54,5,61.8,55,2123
0.54,5,62.2,56,2123
0.59,4,62.7,56,2125
0.59,4,62.6,57,2125
0.59,3,61.3,55,2129
0.55,4,62.5,56,2129
0.55,4,62,57,2129
0.55,4,61.9,56,2129
0.6,3,61.6,56,2131
0.59,4,61,57,2131
0.58,4,61.9,57,2132
0.55,3,62.2,54,2132
0.58,4,61.8,56,2133
0.58,4,61.6,56,2135
0.71,1,61.4,57,2136
0.53,6,62.7,56,2137
0.72,0,62.1,59,2139
0.32,0,62.5,57,540
0.62,3,61.8,57,2141
0.76,0,62.1,54,2143
0.51,6,62.9,58,2146
0.6,3,61.2,56,2147
0.6,3,61.1,57,2147
0.6,3,62.5,56,2147
0.57,4,61.9,56,2147
0.56,4,62.6,53,2148
0.53,5,61.6,57,2153
0.59,4,62.3,56,2155
0.64,3,62.3,54,2155
0.59,2,61.7,55,2159
0.77,0,60.3,56,2162
0.51,6,61.6,54,2162
0.51,6,61.3,56,2163
0.56,5,62.3,55,2164
0.52,6,61.5,56,2164
0.82,0,61,55,2165
0.59,5,61.5,57,2166
0.61,3,61.6,55,2166
0.61,3,60.9,57,2167
0.61,3,61.9,56,2167
0.61,3,62.1,56,2167
0.56,4,60.7,56,2167
0.59,4,62.2,56,2169
0.72,0,61.6,54,2170
0.62,3,62,56,2173
0.72,0,61.7,56,2177
0.61,3,62.4,55,2177
0.54,6,61.5,56,2177
0.7,0,62.7,57,2177
0.62,3,62.4,57,2178
0.61,3,61.5,56,2182
0.6,4,61.2,56,2190
0.71,0,59.5,57,2194
0.51,4,61.8,56,2197
0.51,4,61.6,55,2197
0.56,5,62,56,2202
0.62,3,60.7,55,2206
0.57,4,60.7,55,2206
0.57,4,61.7,56,2206
0.57,4,61.7,54,2206
0.51,6,61.4,54,2208
0.73,0,61.8,56,2210
0.71,1,62.5,57,2215
0.57,5,61.9,57,2217
0.56,3,61,56,2230
0.7,0,62.4,55,2232
0.7,0,62.6,55,2232
0.7,0,61.4,57,2232
0.71,1,60.6,57,2233
0.7,0,61.3,58,2234
0.54,5,61.8,55,2236
0.54,5,62.2,56,2236
0.52,4,61.7,55,2238
0.31,3,62.7,57,542
0.31,3,61.9,56,542
0.78,0,61.9,55,2240
0.61,4,61.6,54,2242
0.65,3,60.6,60,2242
0.58,4,61.9,57,2245
0.78,0,61.7,55,2246
0.53,6,61.8,57,2247
0.53,6,61.4,56,2247
0.53,6,61.9,56,2247
0.53,4,61.4,57,2250
0.52,2,62,55,2255
0.58,5,61.3,56,2256
0.57,5,62,55,2259
0.71,0,61.5,55,2264
0.71,0,61.1,56,2264
0.71,0,61.7,55,2266
0.71,0,62.3,56,2266
0.52,6,61.7,56,2267
0.7,0,62.6,56,2268
0.7,0,61.2,56,2270
0.54,6,62.3,56,2271
0.54,6,62.5,57,2271
0.54,3,60.7,57,2274
0.77,0,61.2,57,2275
0.7,1,62.1,58,2276
0.7,1,62.4,56,2276
0.73,1,61.6,57,2278
0.56,6,62,56,2279
0.59,4,62.2,56,2283
0.61,2,61.6,55,2286
0.31,2,61.7,57,544
0.31,2,61.4,57,544
0.31,2,61.4,56,544
0.31,2,61.7,55,544
0.31,2,61.8,57,544
0.31,2,59.6,57,544
0.5,6,60.8,54,2287
0.54,6,61.2,57,2289
0.54,6,61.5,55,2289
0.53,6,60.6,56,2293
0.53,6,60.3,56,2293
0.72,0,62.6,52,2295
0.72,0,62.3,54,2295
0.72,0,61.4,56,2297
0.69,1,62.4,56,2297
0.56,6,61.7,55,2298
0.56,6,61.8,54,2298
0.51,4,61.2,56,2303
0.71,1,61.1,57,2307
0.74,1,62.7,56,2309
0.61,3,62.6,55,2309
0.7,1,61.9,58,2310
0.7,1,61.1,57,2312
0.6,4,61.4,59,2313
0.71,1,62.3,56,2317
0.72,1,62,56,2318
0.56,5,62,56,2318
0.63,2,61.9,58,2320
0.73,1,62.3,54,2321
0.62,2,61.6,55,2321
0.56,6,62.2,54,2321
0.56,6,62,54,2321
0.59,5,61.5,57,2322
0.71,0,60.6,57,2325
0.31,2,62.7,57,544
0.31,2,61.6,55,544
0.61,4,62.4,53.8,2331
0.7,1,61.1,55,2335
0.59,2,61.9,57,2336
0.52,4,61.7,55,2338
0.71,1,62.8,56,2342
0.71,1,61.5,57,2345
0.6,4,62,57,2347
0.73,1,62.5,55,2351
0.73,1,62.1,54,2351
0.7,1,61.9,57,2352
0.7,1,62.2,56,2352
0.71,1,62.9,57,2352
0.7,1,62.7,57,2352
0.63,2,60.9,56,2357
0.56,4,62.1,56,2357
0.54,6,61.6,57,2361
0.31,2,62,57,544
0.31,2,59.1,57,544
0.31,2,62.3,56,544
0.31,2,62.4,55,544
0.71,1,60.6,56,2368
0.7,2,62.1,55,2371
0.53,6,62.1,57,2372
0.7,2,62.9,56,2375
0.73,0,61.1,57,2376
0.73,1,61.7,60,2377
0.75,0,62.5,55,2378
0.72,2,61.7,57,2383
0.72,2,62,56,2383
0.55,6,61.1,57,2383
0.72,1,63,56,2385
0.71,1,62.4,56,2386
0.71,1,62.2,56,2386
0.71,1,61.4,57,2386
0.52,5,60.6,57,2387
0.71,0,61.3,55,2387
0.52,6,61.7,56,2387
0.76,0,62.1,59,2389
0.7,1,60.9,57,2394
0.31,2,62.4,54,544
0.31,2,61.6,54,544
0.31,2,61.4,57,544
0.31,2,62.2,56,544
0.26,4,62,56,545
0.26,4,61.4,56,545
0.26,4,62.3,56,545
0.3,2,61.8,54,545
0.3,2,62.3,58,545
0.3,2,62,54,545
0.3,2,61.2,55,545
0.3,2,61.6,58,545
0.55,6,62,55,2398
0.55,6,60.6,56,2399
0.56,6,62,56,2399
0.71,1,61.2,58,2400
0.6,4,61.6,55,2413
0.7,1,61.9,56,2414
0.7,1,60.9,57,2415
0.72,0,61.5,55,2420
0.74,0,62.7,56,2423
0.71,1,61.4,55,2423
0.54,4,61.4,55,2424
0.8,0,62.1,57,2429
0.7,3,62.7,57,2437
0.55,6,60,57,2440
0.63,4,62.6,56,2442
0.56,6,62,56,2442
0.56,6,61.4,57,2442
0.3,2,62.6,58,545
0.3,2,61.6,57,545
0.3,1,62,55,545
0.56,6,61.8,56,2442
0.71,2,62.9,56,2443
0.59,6,62,54,2444
0.72,0,60.8,57,2449
0.72,0,61.3,56,2451
0.79,0,60.8,57,2453
0.75,1,62.2,57,2456
0.81,0,61.7,57,2459
0.7,1,60.5,57,2460
0.76,0,62.7,56,2466
0.6,4,61.3,56,2467
0.55,5,61.5,55,2473
0.7,3,62.2,55,2475
0.75,1,62.2,57,2478
0.7,1,61.6,56,2478
0.7,1,62.5,56,2478
0.7,1,62.4,56,2478
0.7,0,61.8,53,2480
0.7,1,61.3,56,2480
0.7,1,61,56,2480
0.78,0,61.7,54,2485
0.74,0,61.9,55,2487
0.76,0,62.3,55,2489
0.78,1,61,57,2496
0.72,0,61.8,56,2501
0.44,6,61.6,55,2506
0.62,4,62.6,57,2507
0.7,2,60.8,57,2507
0.58,6,60.9,57,2508
0.6,5,61.5,56,2509
0.56,4,61,57,2510
0.71,2,62.5,57,2511
0.71,2,61.7,57,2511
0.7,3,60.6,57,2512
0.71,1,62.1,54,2513
0.71,1,62.1,54,2513
0.71,2,62.4,57,2515
0.7,2,61.2,57,2515
0.8,0,62,56,2517
0.71,1,61.7,56,2518
0.71,1,59.7,60,2522
0.6,5,62,55.5,2524
0.68,3,61.7,55,2526
0.58,6,62.1,56,2528
0.58,6,61.3,56,2528
0.6,6,62.2,55,2533
0.7,3,60.6,57,2535
0.7,2,62.1,57,2536
0.71,2,61.6,55,2537
0.71,2,62.5,56,2543
0.61,5,62.7,58,2544
0.32,3,61.3,55,551
0.62,4,61.8,57,2548
0.72,1,61.4,54,2548
0.73,1,60.1,57,2548
0.72,1,61.9,54,2548
0.8,2,60.1,57,2550
0.59,6,59.5,58,2551
0.76,0,61.7,55,2553
0.78,0,62.1,54,2561
0.7,1,61.9,58,2567
0.6,6,62,55,2570
0.7,3,61.4,55,2573
0.61,6,61.7,55,2575
0.67,5,62.4,55,2577
0.72,2,62.7,56,2578
0.78,1,62.8,56,2583
0.73,1,62.1,54,2583
0.73,1,62,54,2583
0.73,0,61.8,56,2585
0.73,2,62.5,56,2586
0.64,4,60.7,57,2587
0.64,4,61.8,56,2587
0.64,4,61.8,54,2587
0.71,2,62.1,57,2587
0.7,2,61.8,54,2593
0.61,6,61.8,52,2601
0.74,2,61.3,55,2604
0.71,1,62.5,57,2604
0.59,6,62.5,57,2611
0.57,5,60.9,56,2612
0.73,1,61.4,58,2630
0.55,5,61.2,56,2632
0.7,2,60,57,2633
0.71,1,61.6,56,2649
0.71,1,62.1,56,2650
0.73,1,62.1,56,2654
0.74,1,61.9,56,2654
0.62,6,62.2,54,2655
0.8,0,63,56,2657
0.8,0,62.2,57,2657
0.61,6,62.3,56,2659
0.73,1,60.7,56,2659
0.7,3,62.6,56,2670
0.71,3,61,57,2686
0.72,1,61.4,56,2686
0.74,0,61.7,56,2690
0.82,0,61.6,56,2692
0.8,1,60.8,57,2699
0.7,1,62,56,2699
0.78,0,61.5,56,2706
0.7,2,62.3,57,2723
0.7,2,62.3,57,2723
0.7,2,62.7,54,2723
0.7,2,62.3,57,2723
0.74,2,62.9,54,2723
0.7,3,61.9,57,2724
0.72,3,62.7,55,2724
0.81,1,62.6,55,2725
0.8,2,62.1,56,2728
0.71,1,61.6,57,2738
0.7,1,60.7,55,2744
0.72,3,62.6,53,2746
0.8,0,62.2,56,2749
0.71,1,60.5,56.4,2751
0.83,0,62.4,54,2751
0.71,3,61.4,56,2756
