datum,kumulativni_pocet_nakazenych,kumulativni_pocet_vylecenych,kumulativni_pocet_umrti,kumulativni_pocet_testu,kumulativni_pocet_ag_testu,prirustkovy_pocet_nakazenych,prirustkovy_pocet_vylecenych,prirustkovy_pocet_umrti,prirustkovy_pocet_provedenych_testu,prirustkovy_pocet_provedenych_ag_testu
2020-01-27,0,0,0,20,0,0,0,0,20,0
2020-01-28,0,0,0,28,0,0,0,0,8,0
2020-01-29,0,0,0,33,0,0,0,0,5,0
2020-01-30,0,0,0,34,0,0,0,0,1,0
2020-01-31,0,0,0,37,0,0,0,0,3,0
2020-02-01,0,0,0,38,0,0,0,0,1,0
2020-02-02,0,0,0,43,0,0,0,0,5,0
2020-02-03,0,0,0,48,0,0,0,0,5,0
2020-02-04,0,0,0,53,0,0,0,0,5,0
2020-02-05,0,0,0,53,0,0,0,0,0,0
2020-02-06,0,0,0,56,0,0,0,0,3,0
2020-02-07,0,0,0,62,0,0,0,0,6,0
2020-02-08,0,0,0,62,0,0,0,0,0,0
2020-02-09,0,0,0,64,0,0,0,0,2,0
2020-02-10,0,0,0,72,0,0,0,0,8,0
2020-02-11,0,0,0,74,0,0,0,0,2,0
2020-02-12,0,0,0,75,0,0,0,0,1,0
2020-02-13,0,0,0,76,0,0,0,0,1,0
2020-02-14,0,0,0,76,0,0,0,0,0,0
2020-02-15,0,0,0,77,0,0,0,0,1,0
2020-02-16,0,0,0,78,0,0,0,0,1,0
2020-02-17,0,0,0,80,0,0,0,0,2,0
2020-02-18,0,0,0,80,0,0,0,0,0,0
2020-02-19,0,0,0,82,0,0,0,0,2,0
2020-02-20,0,0,0,82,0,0,0,0,0,0
2020-02-21,0,0,0,82,0,0,0,0,0,0
2020-02-22,0,0,0,83,0,0,0,0,1,0
2020-02-23,0,0,0,86,0,0,0,0,3,0
2020-02-24,0,0,0,98,0,0,0,0,12,0
2020-02-25,0,0,0,112,0,0,0,0,14,0
2020-02-26,0,0,0,135,0,0,0,0,23,0
2020-02-27,0,0,0,170,0,0,0,0,35,0
2020-02-28,0,0,0,193,0,0,0,0,23,0
2020-02-29,0,0,0,200,0,0,0,0,7,0
2020-03-01,3,0,0,211,0,3,0,0,11,0
2020-03-02,3,0,0,262,0,0,0,0,51,0
2020-03-03,5,0,0,340,0,2,0,0,78,0
2020-03-04,6,0,0,407,0,1,0,0,67,0
2020-03-05,9,0,0,483,0,3,0,0,76,0
2020-03-06,20,0,0,594,0,11,0,0,111,0
2020-03-07,27,0,0,787,0,7,0,0,193,0
2020-03-08,33,0,0,928,0,6,0,0,141,0
2020-03-09,39,0,0,1193,0,6,0,0,265,0
2020-03-10,64,0,0,1358,0,25,0,0,165,0
2020-03-11,95,0,0,1816,0,31,0,0,458,0
2020-03-12,117,0,0,2353,0,22,0,0,537,0
2020-03-13,142,0,0,3198,0,25,0,0,845,0
2020-03-14,190,1,0,4184,0,48,1,0,986,0
2020-03-15,299,4,0,5212,0,109,3,0,1028,0
2020-03-16,384,4,0,6531,0,85,0,0,1319,0
2020-03-17,451,4,0,7825,0,67,0,0,1294,0
2020-03-18,561,4,0,9581,0,110,0,0,1756,0
2020-03-19,767,5,0,11840,0,206,1,0,2259,0
2020-03-20,891,8,0,13961,0,124,3,0,2121,0
2020-03-21,1050,13,0,15843,0,159,5,0,1882,0
2020-03-22,1165,13,1,17644,0,115,0,1,1801,0
2020-03-23,1291,18,1,19935,0,126,5,0,2291,0
2020-03-24,1476,22,3,22997,0,185,4,2,3062,0
2020-03-25,1768,27,10,27104,0,292,5,7,4107,0
2020-03-26,2027,37,10,31737,0,259,10,0,4633,0
2020-03-27,2404,52,12,37096,0,377,15,2,5359,0
2020-03-28,2667,60,17,41320,0,263,8,5,4224,0
2020-03-29,2826,78,23,44168,0,159,18,6,2848,0
2020-03-30,3010,108,28,49327,0,184,30,5,5159,0
2020-03-31,3316,130,35,55988,0,306,22,7,6661,0
2020-04-01,3599,175,43,62090,0,283,45,8,6102,0
2020-04-02,3867,217,49,68763,0,268,42,6,6673,0
2020-04-03,4200,285,57,76161,0,333,68,8,7398,0
2020-04-04,4483,331,66,81998,0,283,46,9,5837,0
2020-04-05,4600,373,74,86810,0,117,42,8,4812,0
2020-04-06,4836,471,82,93245,0,236,98,8,6435,0
2020-04-07,5032,593,92,101418,0,196,122,10,8173,0
2020-04-08,5326,707,107,109887,0,294,114,15,8469,0
2020-04-09,5583,889,117,118067,0,257,182,10,8180,0
2020-04-10,5746,1038,128,123769,0,163,149,11,5702,0
2020-04-11,5916,1173,136,128660,0,170,135,8,4891,0
2020-04-12,6005,1284,146,131910,0,89,111,10,3250,0
2020-04-13,6073,1409,157,135125,0,68,125,11,3215,0
2020-04-14,6155,1608,166,141298,0,82,199,9,6173,0
2020-04-15,6315,1818,166,149774,0,160,210,0,8476,0
2020-04-16,6447,2095,168,158155,0,132,277,2,8381,0
2020-04-17,6563,2423,176,166443,0,116,328,8,8288,0
2020-04-18,6668,2592,180,172048,0,105,169,4,5605,0
2020-04-19,6760,2749,189,176075,0,92,157,9,4027,0
2020-04-20,6914,2990,196,182642,0,154,241,7,6567,0
2020-04-21,7047,3227,204,190983,0,133,237,8,8341,0
2020-04-22,7146,3538,206,199801,0,99,311,2,8818,0
2020-04-23,7201,3775,212,207702,0,55,237,6,7901,0
2020-04-24,7287,4037,218,214831,0,86,262,6,7129,0
2020-04-25,7366,4184,222,219277,0,79,147,4,4446,0
2020-04-26,7418,4266,224,222658,0,52,82,2,3381,0
2020-04-27,7459,4467,225,230412,0,41,201,1,7754,0
2020-04-28,7519,4636,229,239153,0,60,169,4,8741,0
2020-04-29,7594,4830,234,246475,0,75,194,5,7322,0
2020-04-30,7702,5039,242,253871,0,108,209,8,7396,0
2020-05-01,7759,5171,250,258368,0,57,132,8,4497,0
2020-05-02,7777,5269,251,262253,0,18,98,1,3885,0
2020-05-03,7803,5397,254,266134,0,26,128,3,3881,0
2020-05-04,7842,5562,259,273890,0,39,165,5,7756,0
2020-05-05,7919,5739,262,283273,0,77,177,3,9383,0
2020-05-06,7998,5919,265,291325,0,79,180,3,8052,0
2020-05-07,8057,6092,269,298924,0,59,173,4,7599,0
2020-05-08,8103,6163,274,303434,0,46,71,5,4510,0
2020-05-09,8121,6240,277,307222,0,18,77,3,3788,0
2020-05-10,8149,6293,280,311274,0,28,53,3,4052,0
2020-05-11,8207,6428,282,319083,0,58,135,2,7809,0
2020-05-12,8252,6519,285,327838,0,45,91,3,8755,0
2020-05-13,8304,6655,289,335525,0,52,136,4,7687,0
2020-05-14,8386,6760,292,342427,0,82,105,3,6902,0
2020-05-15,8441,6847,294,349217,0,55,87,2,6790,0
2020-05-16,8492,6890,295,353414,0,51,43,1,4197,0
2020-05-17,8512,6939,297,356967,0,20,49,2,3553,0
2020-05-18,8627,7035,300,364425,0,115,96,3,7458,0
2020-05-19,8690,7096,302,372761,0,63,61,2,8336,0
2020-05-20,8765,7185,307,380279,0,75,89,5,7518,0
2020-05-21,8801,7276,310,387569,0,36,91,3,7290,0
2020-05-22,8862,7337,312,395317,0,61,61,2,7748,0
2020-05-23,8939,7376,313,400376,0,77,39,1,5059,0
2020-05-24,9004,7408,314,404225,0,65,32,1,3849,0
2020-05-25,9051,7496,315,411733,0,47,88,1,7508,0
2020-05-26,9103,7577,316,418974,0,52,81,1,7241,0
2020-05-27,9140,7657,316,425820,0,37,80,0,6846,0
2020-05-28,9194,7705,318,431833,0,54,48,2,6013,0
2020-05-29,9251,7768,318,437946,0,57,63,0,6113,0
2020-05-30,9285,7808,318,441494,0,34,40,0,3548,0
2020-05-31,9323,7832,318,443635,0,38,24,0,2141,0
2020-06-01,9357,7907,320,450163,0,34,75,2,6528,0
2020-06-02,9422,7992,321,455713,0,65,85,1,5550,0
2020-06-03,9496,8071,322,460639,0,74,79,1,4926,0
2020-06-04,9560,8127,325,465168,0,64,56,3,4529,0
2020-06-05,9595,8195,325,469226,0,35,68,0,4058,0
2020-06-06,9633,8217,325,471626,0,38,22,0,2400,0
2020-06-07,9694,8241,326,473385,0,61,24,1,1759,0
2020-06-08,9763,8293,326,478215,0,69,52,0,4830,0
2020-06-09,9818,8340,327,482217,0,55,47,1,4002,0
2020-06-10,9892,8413,328,486099,0,74,73,1,3882,0
2020-06-11,9957,8460,329,489747,0,65,47,1,3648,0
2020-06-12,10009,8521,330,493155,0,52,61,1,3408,0
2020-06-13,10062,8544,330,494728,0,53,23,0,1573,0
2020-06-14,10095,8556,331,495714,0,33,12,1,986,0
2020-06-15,10135,8597,332,499603,0,40,41,1,3889,0
2020-06-16,10182,8658,333,502972,0,47,61,1,3369,0
2020-06-17,10233,8716,334,506288,0,51,58,1,3316,0
2020-06-18,10351,8768,336,509686,0,118,52,2,3398,0
2020-06-19,10477,8821,337,512580,0,126,53,1,2894,0
2020-06-20,10520,8838,338,514116,0,43,17,1,1536,0
2020-06-21,10570,8855,339,515335,0,50,17,1,1219,0
2020-06-22,10634,8911,340,520022,0,64,56,1,4687,0
2020-06-23,10723,8967,340,523805,0,89,56,0,3783,0
2020-06-24,10850,9047,344,527820,0,127,80,4,4015,0
2020-06-25,10943,9134,344,531369,0,93,87,0,3549,0
2020-06-26,11112,9211,345,537194,0,169,77,1,5825,0
2020-06-27,11372,9234,346,539691,0,260,23,1,2497,0
2020-06-28,11677,9255,346,541492,0,305,21,0,1801,0
2020-06-29,11878,9309,346,546441,0,201,54,0,4949,0
2020-06-30,12027,9372,347,550395,0,149,63,1,3954,0
2020-07-01,12118,9497,347,554811,0,91,125,0,4416,0
2020-07-02,12251,9591,348,559246,0,133,94,1,4435,0
2020-07-03,12392,9681,348,564203,0,141,90,0,4957,0
2020-07-04,12513,9727,350,565892,0,121,46,2,1689,0
2020-07-05,12588,9759,352,567205,0,75,32,2,1313,0
2020-07-06,12639,9801,353,568723,0,51,42,1,1518,0
2020-07-07,12757,9908,353,573861,0,118,107,0,5138,0
2020-07-08,12886,10148,353,578972,0,129,240,0,5111,0
2020-07-09,12991,10284,354,583982,0,105,136,1,5010,0
2020-07-10,13132,10465,354,588505,0,141,181,0,4523,0
2020-07-11,13185,10661,354,590253,0,53,196,0,1748,0
2020-07-12,13244,10868,355,591799,0,59,207,1,1546,0
2020-07-13,13310,11151,356,596720,0,66,283,1,4921,0
2020-07-14,13415,11310,358,601685,0,105,159,2,4965,0
2020-07-15,13550,11429,358,606586,0,135,119,0,4901,0
2020-07-16,13687,11568,358,610942,0,137,139,0,4356,0
2020-07-17,13816,11748,360,615517,0,129,180,2,4575,0
2020-07-18,13928,11821,360,617901,0,112,73,0,2384,0
2020-07-19,14019,11869,361,620342,0,91,48,1,2441,0
2020-07-20,14187,11983,361,627913,0,168,114,0,7571,0
2020-07-21,14395,12104,363,634307,0,208,121,2,6394,0
2020-07-22,14640,12222,365,640909,0,245,118,2,6602,0
2020-07-23,14871,12319,366,647426,0,231,97,1,6517,0
2020-07-24,15149,12408,369,653523,0,278,89,3,6097,0
2020-07-25,15281,12469,371,656135,0,132,61,2,2612,0
2020-07-26,15395,12525,372,657921,0,114,56,1,1786,0
2020-07-27,15589,12652,374,664475,0,194,127,2,6554,0
2020-07-28,15865,12769,376,672384,0,276,117,2,7909,0
2020-07-29,16139,12886,378,679893,0,274,117,2,7509,0
2020-07-30,16393,13031,380,687516,0,254,145,2,7623,0
2020-07-31,16624,13222,382,695723,0,231,191,2,8207,0
2020-08-01,16749,13297,384,700431,0,125,75,2,4708,0
2020-08-02,16850,13390,386,703078,0,101,93,2,2647,0
2020-08-03,17058,13614,388,710824,0,208,224,2,7746,0
2020-08-04,17345,13847,390,719238,0,287,233,2,8414,0
2020-08-05,17586,14043,391,726183,0,241,196,1,6945,0
2020-08-06,17801,14276,392,733545,0,215,233,1,7362,0
2020-08-07,18123,14538,392,742751,0,322,262,0,9206,0
2020-08-08,18296,14658,392,748262,0,173,120,0,5511,0
2020-08-09,18418,14722,393,751190,0,122,64,1,2928,0
2020-08-10,18559,15027,393,757673,0,141,305,0,6483,0
2020-08-11,18848,15277,395,766366,0,289,250,2,8693,0
2020-08-12,19137,15506,395,774288,0,289,229,0,7922,0
2020-08-13,19468,15726,396,781700,0,331,220,1,7412,0
2020-08-14,19759,15972,398,789699,0,291,246,2,7999,0
2020-08-15,19956,16079,400,794812,0,197,107,2,5113,0
2020-08-16,20077,16154,402,797791,0,121,75,2,2979,0
2020-08-17,20268,16435,406,805043,0,191,281,4,7252,0
2020-08-18,20549,16708,406,812733,0,281,273,0,7690,0
2020-08-19,20862,16979,409,820388,0,313,271,3,7655,0
2020-08-20,21108,17221,412,828626,0,246,242,3,8238,0
2020-08-21,21614,17485,415,838338,0,506,264,3,9712,0
2020-08-22,21848,17610,415,843456,0,234,125,0,5118,0
2020-08-23,21984,17700,418,845860,0,136,90,3,2404,0
2020-08-24,22243,17981,419,853273,0,259,281,1,7413,0
2020-08-25,22607,18259,421,862036,0,364,278,2,8763,0
2020-08-26,23003,18530,422,870921,0,396,271,1,8885,0
2020-08-27,23353,18859,422,880119,0,350,329,0,9198,0
2020-08-28,23838,19122,422,890947,0,485,263,0,10828,0
2020-08-29,24158,19271,425,897520,0,320,149,3,6573,0
2020-08-30,24433,19368,426,901466,0,275,97,1,3946,0
2020-08-31,24689,19695,427,910837,0,256,327,1,9371,0
2020-09-01,25186,19973,428,921974,0,497,278,1,11137,0
2020-09-02,25831,20300,428,933784,0,645,327,0,11810,0
2020-09-03,26506,20669,432,945325,0,675,369,4,11541,0
2020-09-04,27303,21001,435,958979,0,797,332,3,13654,0
2020-09-05,27807,21164,440,966447,0,504,163,5,7468,0
2020-09-06,28217,21293,443,970984,0,410,129,3,4537,0
2020-09-07,28778,21713,445,982588,0,561,420,2,11604,0
2020-09-08,29939,22056,450,998703,0,1161,343,5,16115,0
2020-09-09,31097,22456,453,1014210,0,1158,400,3,15507,0
2020-09-10,32480,23013,458,1030723,0,1383,557,5,16513,0
2020-09-11,33922,23885,461,1049940,0,1442,872,3,19217,0
2020-09-12,35459,24609,467,1063257,0,1537,724,6,13317,0
2020-09-13,36250,25311,472,1070347,0,791,702,5,7090,0
2020-09-14,37278,26286,478,1087865,0,1028,975,6,17518,0
2020-09-15,38954,26835,488,1108326,0,1676,549,10,20461,0
2020-09-16,41087,27167,495,1128913,0,2133,332,7,20587,0
2020-09-17,44212,28034,502,1152506,0,3125,867,7,23593,0
2020-09-18,46320,29078,514,1174086,0,2108,1044,12,21580,0
2020-09-19,48365,30123,522,1189317,0,2045,1045,8,15231,0
2020-09-20,49349,31311,528,1199878,0,984,1188,6,10561,0
2020-09-21,50826,32883,543,1219288,0,1477,1572,15,19410,0
2020-09-22,53213,33885,553,1241688,0,2387,1002,10,22400,0
2020-09-23,55518,34718,575,1264133,0,2305,833,22,22445,0
2020-09-24,58424,36217,585,1287296,0,2906,1499,10,23163,0
2020-09-25,61369,38137,595,1310428,0,2945,1920,10,23132,0
2020-09-26,63350,39791,611,1325816,0,1981,1654,16,15388,0
2020-09-27,64655,41802,627,1336284,0,1305,2011,16,10468,0
2020-09-28,65939,43758,638,1348502,0,1284,1956,11,12218,0
2020-09-29,67901,45459,659,1366824,0,1962,1701,21,18322,0
2020-09-30,70826,46744,675,1387916,0,2925,1285,16,21092,0
2020-10-01,74329,48670,704,1411837,0,3503,1926,29,23921,0
2020-10-02,78124,51030,725,1435476,0,3795,2360,21,23639,0
2020-10-03,80678,53229,738,1450677,0,2554,2199,13,15201,0
2020-10-04,82519,55400,773,1458453,0,1841,2171,35,7776,0
2020-10-05,85636,58269,802,1476221,0,3117,2869,29,17768,0
2020-10-06,90094,60226,840,1499274,0,4458,1957,38,23053,0
2020-10-07,95430,61684,891,1523325,0,5336,1458,51,24051,0
2020-10-08,100824,63178,917,1548398,0,5394,1494,26,25073,0
2020-10-09,109442,65413,978,1576141,0,8618,2235,61,27743,0
2020-10-10,114079,68107,1031,1594265,0,4637,2694,53,18124,0
2020-10-11,117183,71096,1074,1605769,0,3104,2989,43,11504,0
2020-10-12,121490,74823,1144,1627817,0,4307,3727,70,22048,0
2020-10-13,129814,77325,1197,1659455,0,8324,2502,53,31638,0
2020-10-14,139358,79093,1264,1694314,0,9544,1768,67,34859,0
2020-10-15,149082,82494,1327,1729119,0,9724,3401,63,34805,0
2020-10-16,160186,87625,1407,1767842,0,11104,5131,80,38723,0
2020-10-17,168899,92931,1488,1797121,0,8713,5306,81,29279,0
2020-10-18,173958,98430,1569,1814361,0,5059,5499,81,17240,0
2020-10-19,182036,104575,1679,1845526,0,8078,6145,110,31165,0
2020-10-20,194021,109019,1788,1886124,0,11985,4444,109,40598,0
2020-10-21,208992,112427,1919,1931369,0,14971,3408,131,45245,0
2020-10-22,223150,117375,2046,1977794,0,14158,4948,127,46425,0
2020-10-23,238398,125968,2171,2023046,0,15248,8593,125,45252,0
2020-10-24,250871,134291,2314,2062238,0,12473,8323,143,39192,0
2020-10-25,258171,145326,2468,2083831,0,7300,11035,154,21593,0
2020-10-26,268507,157231,2631,2119428,0,10336,11905,163,35597,0
2020-10-27,284176,166061,2826,2166926,0,15669,8830,195,47498,0
2020-10-28,297153,170354,2994,2207050,0,12977,4293,168,40124,0
2020-10-29,310203,183417,3193,2249627,0,13050,13063,199,42577,0
2020-10-30,323808,198038,3410,2296449,0,13605,14621,217,46822,0
2020-10-31,335236,212532,3603,2332745,0,11428,14494,193,36296,0
2020-11-01,341787,226407,3827,2353388,0,6551,13875,224,20643,0
2020-11-02,351028,242236,4050,2386116,189,9241,15829,223,32728,189
2020-11-03,363118,248896,4311,2429443,491,12090,6660,261,43327,302
2020-11-04,378844,254557,4539,2474927,1125,15726,5661,228,45484,634
2020-11-05,392081,271577,4735,2518160,1964,13237,17020,196,43233,839
2020-11-06,403627,288594,4952,2558485,2599,11546,17017,217,40325,635
2020-11-07,411348,296057,5155,2584728,2884,7721,7463,203,26243,285
2020-11-08,414959,311256,5361,2598455,3160,3611,15199,206,13727,276
2020-11-09,421007,325787,5547,2628922,4584,6048,14531,186,30467,1424
2020-11-10,430064,332421,5762,2666196,11013,9057,6634,215,37274,6429
2020-11-11,438983,337753,5946,2699134,25518,8919,5332,184,32938,14505
2020-11-12,446857,351669,6120,2730308,39097,7874,13916,174,31174,13579
2020-11-13,454215,364906,6301,2761605,52211,7358,13237,181,31297,13114
2020-11-14,458411,376953,6486,2777798,53893,4196,12047,185,16193,1682
2020-11-15,460302,388091,6638,2786819,56987,1891,11138,152,9021,3094
2020-11-16,465728,398236,6811,2812886,76132,5426,10145,173,26067,19145
2020-11-17,469974,402199,6950,2830476,80829,4246,3963,139,17590,4697
2020-11-18,475488,405470,7105,2855008,103827,5514,3271,155,24532,22998
2020-11-19,481958,414737,7239,2881712,111721,6470,9267,134,26704,7894
2020-11-20,487767,423812,7356,2907566,120064,5809,9075,117,25854,8343
2020-11-21,490958,431146,7488,2922150,128821,3191,7334,132,14584,8757
2020-11-22,492466,437495,7614,2929380,134070,1508,6349,126,7230,5249
2020-11-23,496848,444187,7743,2953040,175358,4382,6692,129,23660,41288
2020-11-24,502709,447188,7879,2977671,189899,5861,3001,136,24631,14541
2020-11-25,507638,449158,8002,3000321,204571,4929,1970,123,22650,14672
2020-11-26,511688,456516,8132,3020875,217335,4050,7358,130,20554,12764
2020-11-27,516151,459409,8270,3044270,229617,4463,2893,138,23395,12282
2020-11-28,518819,465888,8387,3056592,238247,2668,6479,117,12322,8630
2020-11-29,519893,471656,8482,3063042,241879,1074,5768,95,6450,3632
2020-11-30,523466,477092,8608,3085308,282823,3573,5436,126,22266,40944
2020-12-01,528647,479401,8708,3108492,299959,5181,2309,100,23184,17136
2020-12-02,533220,480824,8824,3131163,314983,4573,1423,116,22671,15024
2020-12-03,537844,486733,8926,3151889,327424,4624,5909,102,20726,12441
2020-12-04,542591,492040,9018,3174666,336775,4747,5307,92,22777,9351
2020-12-05,545904,496195,9147,3187650,340574,3313,4155,129,12984,3799
2020-12-06,547016,499936,9238,3194345,343973,1112,3741,91,6695,3399
2020-12-07,551268,504514,9332,3217258,370741,4252,4578,94,22913,26768
2020-12-08,557124,506272,9427,3243453,382550,5856,1758,95,26195,11809
2020-12-09,563541,507440,9509,3268721,393839,6417,1168,82,25268,11289
2020-12-10,569420,512566,9625,3294292,403350,5879,5126,116,25571,9511
2020-12-11,575630,517551,9730,3322757,414267,6210,4985,105,28465,10917
2020-12-12,579285,521658,9827,3338844,418553,3655,4107,97,16087,4286
2020-12-13,581283,525749,9935,3347820,422123,1998,4091,108,8976,3570
2020-12-14,586465,530504,10065,3374198,447670,5182,4755,130,26378,25547
2020-12-15,594382,532437,10171,3406373,460383,7917,1933,106,32175,12713
2020-12-16,602651,533907,10285,3438865,480483,8269,1470,114,32492,20100
2020-12-17,610269,540107,10391,3470168,499266,7618,6200,106,31303,18783
2020-12-18,619133,546288,10492,3504186,526851,8864,6181,101,34018,27585
2020-12-19,624495,551836,10606,3525531,541003,5362,5548,114,21345,14152
2020-12-20,627923,557292,10704,3537133,553351,3428,5456,98,11602,12348
2020-12-21,636175,563499,10808,3566670,603010,8252,6207,104,29537,49659
2020-12-22,647605,566142,10910,3602959,644734,11430,2643,102,36289,41724
2020-12-23,661804,568012,11025,3644828,689666,14199,1870,115,41869,44932
2020-12-24,666193,575596,11136,3655541,698594,4389,7584,111,10713,8928
2020-12-25,668873,583426,11242,3663360,705484,2680,7830,106,7819,6890
2020-12-26,671924,591182,11367,3672075,717130,3051,7756,125,8715,11646
2020-12-27,675733,598476,11475,3682558,729382,3809,7294,108,10483,12252
2020-12-28,686781,606876,11606,3710760,775341,11048,8400,131,28202,45959
2020-12-29,702979,610885,11738,3746835,806725,16198,4009,132,36075,31384
2020-12-30,720133,614091,11888,3782276,838597,17154,3206,150,35441,31872
2020-12-31,733485,625127,12017,3810183,857991,13352,11036,129,27907,19394
2021-01-01,736949,637365,12169,3816768,863432,3464,12238,152,6585,5441
2021-01-02,741957,648512,12321,3830217,879081,5008,11147,152,13449,15649
2021-01-03,748263,650602,12462,3845539,893539,6306,2090,141,15322,14458
2021-01-04,761304,653249,12614,3880720,949760,13041,2647,152,35181,56221
2021-01-05,778798,657137,12795,3924738,985027,17494,3888,181,44018,35267
2021-01-06,796724,662049,12959,3963789,1015069,17926,4912,164,39051,30042
2021-01-07,811768,676537,13146,4002763,1043568,15044,14488,187,38974,28499
2021-01-08,824974,692456,13343,4041526,1074818,13206,15919,197,38763,31250
2021-01-09,833483,708634,13508,4062610,1089280,8509,16178,165,21084,14462
2021-01-10,837841,717360,13692,4074929,1102046,4358,8726,184,12319,12766
2021-01-11,847317,719433,13856,4108939,1152817,9476,2073,164,34010,50771
2021-01-12,858170,726351,14033,4145301,1183351,10853,6918,177,36362,30534
2021-01-13,869141,732660,14197,4177676,1211814,10971,6309,164,32375,28463
2021-01-14,877275,750683,14378,4207983,1238151,8134,18023,181,30307,26337
2021-01-15,886632,768092,14542,4239181,1267442,9357,17409,164,31198,29291
2021-01-16,891895,783000,14698,4256572,1277655,5263,14908,156,17391,10213
2021-01-17,894550,796257,14856,4265410,1286610,2655,13257,158,8838,8955
2021-01-18,902269,808973,15016,4295225,1329067,7719,12716,160,29815,42457
2021-01-19,911920,814368,15173,4327025,1353059,9651,5395,157,31800,23992
2021-01-20,920183,818721,15321,4355773,1375845,8263,4353,148,28748,22786
2021-01-21,927796,830991,15473,4380918,1399315,7613,12270,152,25145,23470
2021-01-22,936315,841535,15609,4411319,1428138,8519,10544,136,30401,28823
2021-01-23,940571,851141,15752,4425457,1440750,4256,9606,143,14138,12612
2021-01-24,942988,859159,15897,4433350,1450951,2417,8018,145,7893,10201
2021-01-25,950012,867866,16037,4460621,1499091,7024,8707,140,27271,48140
2021-01-26,959239,871596,16180,4490072,1527455,9227,3730,143,29451,28364
2021-01-27,967805,874374,16340,4520561,1556413,8566,2778,160,30489,28958
2021-01-28,975861,884042,16475,4546383,1584944,8056,9668,135,25822,28531
2021-01-29,983943,892983,16627,4577722,1616656,8082,8941,152,31339,31712
2021-01-30,988017,900873,16753,4592153,1633427,4074,7890,126,14431,16771
2021-01-31,990614,907836,16874,4599793,1648498,2597,6963,121,7640,15071
2021-02-01,997893,915482,17007,4627301,1705365,7279,7646,133,27508,56867
2021-02-02,1007078,918677,17142,4657299,1739363,9185,3195,135,29998,33998
2021-02-03,1016787,921372,17279,4689097,1772728,9709,2695,137,31798,33365
2021-02-04,1024912,931176,17408,4716846,1807132,8125,9804,129,27749,34404
2021-02-05,1033562,940141,17535,4748046,1844736,8650,8965,127,31200,37604
2021-02-06,1038391,947828,17663,4762947,1862189,4829,7687,128,14901,17453
2021-02-07,1040853,954732,17794,4770767,1879476,2462,6904,131,7820,17287
2021-02-08,1048697,962477,17933,4796374,1936326,7844,7745,139,25607,56850
2021-02-09,1059020,965416,18066,4827752,1973523,10323,2939,133,31378,37197
2021-02-10,1068612,968071,18200,4857683,2009316,9592,2655,134,29931,35793
2021-02-11,1077669,977874,18330,4885928,2044899,9057,9803,130,28245,35583
2021-02-12,1086533,986901,18474,4916994,2086778,8864,9027,144,31066,41879
2021-02-13,1091699,995286,18592,4933454,2106839,5166,8385,118,16460,20061
2021-02-14,1094597,1002912,18741,4941845,2127521,2898,7626,149,8391,20682
2021-02-15,1103536,1011368,18870,4970979,2192643,8939,8456,129,29134,65122
2021-02-16,1116175,1014504,19020,5005523,2237790,12639,3136,150,34544,45147
2021-02-17,1127140,1017193,19152,5038310,2281554,10965,2689,132,32787,43764
2021-02-18,1138874,1027612,19325,5072389,2327285,11734,10419,173,34079,45731
2021-02-19,1150193,1037155,19506,5109901,2377848,11319,9543,181,37512,50563
2021-02-20,1156985,1046289,19683,5128712,2399276,6792,9134,177,18811,21428
2021-02-21,1161066,1054507,19831,5138289,2425006,4081,8218,148,9577,25730
2021-02-22,1172541,1063568,19996,5172194,2501905,11475,9061,165,33905,76899
2021-02-23,1188420,1067045,20144,5213110,2558496,15879,3477,148,40916,56591
2021-02-24,1202269,1070161,20287,5253291,2615790,13849,3116,143,40181,57294
2021-02-25,1216898,1082293,20469,5293061,2674508,14629,12132,182,39770,58718
2021-02-26,1231745,1093344,20660,5334950,2736680,14847,11051,191,41889,62172
2021-02-27,1239618,1104342,20853,5358016,2764084,7873,10998,193,23066,27404
2021-02-28,1244221,1114975,21036,5369723,2792822,4603,10633,183,11707,28738
2021-03-01,1256603,1126448,21241,5404845,2887842,12382,11473,205,35122,95020
2021-03-02,1273435,1131157,21434,5449428,2961932,16832,4709,193,44583,74090
2021-03-03,1288713,1135160,21635,5490593,3039386,15278,4003,201,41165,77454
2021-03-04,1303407,1150598,21853,5530454,3132339,14694,15438,218,39861,92953
2021-03-05,1316607,1165426,22040,5573252,3232496,13200,14828,187,42798,100157
2021-03-06,1325758,1179369,22249,5595261,3269175,9151,13943,209,22009,36679
2021-03-07,1329777,1192330,22453,5606360,3305840,4019,12961,204,11099,36665
2021-03-08,1340486,1205420,22689,5639169,3484555,10709,13090,236,32809,178715
2021-03-09,1355909,1210812,22922,5679260,3658995,15423,5392,233,40091,174440
2021-03-10,1370519,1215605,23151,5720247,3841293,14610,4793,229,40987,182298
2021-03-11,1381828,1216322,23380,5755532,4036646,11309,717,229,35285,195353
2021-03-12,1396842,1217106,23593,5795294,4202509,15014,784,213,39762,165863
2021-03-13,1403900,1217437,23771,5813136,4253849,7058,331,178,17842,51340
2021-03-14,1407265,1217718,24000,5821423,4306230,3365,281,229,8287,52381
2021-03-15,1417950,1234777,24238,5854900,4547590,10685,17059,238,33477,241360
2021-03-16,1432055,1250268,24457,5892264,4754610,14105,15491,219,37364,207020
2021-03-17,1444168,1264934,24656,5926606,4954736,12113,14666,199,34342,200126
2021-03-18,1454918,1278707,24870,5957459,5154259,10750,13773,214,30853,199523
2021-03-19,1464683,1292197,25044,5989555,5316713,9765,13490,174,32096,162454
2021-03-20,1470214,1297127,25229,6006662,5365173,5531,4930,185,17107,48460
2021-03-21,1472620,1301119,25422,6014617,5417866,2406,3992,193,7955,52693
2021-03-22,1480903,1316997,25632,6044217,5677523,8283,15878,210,29600,259657
2021-03-23,1491986,1331738,25825,6077760,5906441,11083,14741,193,33543,228918
2021-03-24,1500881,1344992,26010,6105978,6123019,8895,13254,185,28218,216578
2021-03-25,1508845,1357449,26171,6133709,6334405,7964,12457,161,27731,211386
2021-03-26,1516609,1369719,26326,6160815,6499135,7764,12270,155,27106,164730
2021-03-27,1520597,1373959,26507,6173442,6539564,3988,4240,181,12627,40429
2021-03-28,1522348,1377301,26624,6179753,6584282,1751,3342,117,6311,44718
2021-03-29,1529308,1391830,26805,6206756,6857938,6960,14529,181,27003,273656
2021-03-30,1537977,1404507,26976,6235732,7091159,8669,12677,171,28976,233221
2021-03-31,1545267,1415524,27130,6261738,7313836,7290,11017,154,26006,222677
2021-04-01,1551537,1425281,27282,6286573,7568557,6270,9757,152,24835,254721
2021-04-02,1555397,1434649,27386,6301201,7622778,3860,9368,104,14628,54221
2021-04-03,1557564,1437637,27513,6309576,7660069,2167,2988,127,8375,37291
2021-04-04,1559500,1440177,27659,6316671,7696098,1936,2540,146,7095,36029
2021-04-05,1560944,1451281,27783,6324268,7756005,1444,11104,124,7597,59907
2021-04-06,1566553,1461093,27898,6349950,8157447,5609,9812,115,25682,401442
2021-04-07,1573624,1469749,28019,6377750,8422578,7071,8656,121,27800,265131
2021-04-08,1578937,1476886,28141,6400090,8657587,5313,7137,122,22340,235009
2021-04-09,1583793,1484410,28248,6422822,8819213,4856,7524,107,22732,161626
2021-04-10,1586016,1486739,28358,6433944,8862223,2223,2329,110,11122,43010
2021-04-11,1587005,1488720,28451,6439812,8916787,989,1981,93,5868,54564
2021-04-12,1590895,1498255,28535,6461331,9212486,3890,9535,84,21519,295699
2021-04-13,1596007,1505935,28626,6485604,9473710,5112,7680,91,24273,261224
2021-04-14,1599739,1512602,28716,6506652,9708484,3732,6667,90,21048,234774
2021-04-15,1603035,1518708,28802,6524142,9936455,3296,6106,86,17490,227971
2021-04-16,1606271,1521189,28868,6543332,10087265,3236,2481,66,19190,150810
2021-04-17,1607817,1523255,28942,6553091,10128784,1546,2066,74,9759,41519
2021-04-18,1608661,1525001,29020,6559280,10189411,844,1746,78,6189,60627
2021-04-19,1612021,1526536,29092,6580888,10491317,3360,1535,72,21608,301906
2021-04-20,1615845,1534320,29156,6603194,10747046,3824,7784,64,22306,255729
2021-04-21,1618820,1540608,29220,6622417,10979984,2975,6288,64,19223,232938
2021-04-22,1621467,1545225,29276,6640575,11213822,2647,4617,56,18158,233838
2021-04-23,1624091,1549424,29330,6658803,11372237,2624,4199,54,18228,158415
2021-04-24,1625413,1550857,29387,6668025,11418458,1322,1433,57,9222,46221
2021-04-25,1626246,1552020,29440,6673428,11474636,833,1163,53,5403,56178
2021-04-26,1628860,1557599,29498,6694464,11780401,2614,5579,58,21036,305765
2021-04-27,1632121,1561739,29549,6714558,12038218,3261,4140,51,20094,257817
2021-04-28,1634622,1565313,29616,6734306,12276432,2501,3574,67,19748,238214
2021-04-29,1636862,1568354,29659,6753210,12515467,2240,3041,43,18904,239035
2021-04-30,1639052,1571381,29709,6772582,12674998,2190,3027,50,19372,159531
2021-05-01,1640234,1572397,29742,6782910,12710615,1182,1016,33,10328,35617
2021-05-02,1640753,1573192,29778,6788691,12780945,519,795,36,5781,70330
2021-05-03,1642983,1577700,29818,6808384,13130621,2230,4508,40,19693,349676
2021-05-04,1645415,1580954,29862,6828145,13413406,2432,3254,44,19761,282785
2021-05-05,1647306,1583708,29899,6844829,13668024,1891,2754,37,16684,254618
2021-05-06,1648894,1586304,29942,6860748,13917160,1588,2596,43,15919,249136
2021-05-07,1650547,1589040,29971,6878732,14081711,1653,2736,29,17984,164551
2021-05-08,1651279,1589886,30003,6890869,14119911,732,846,32,12137,38200
2021-05-09,1651669,1590524,30038,6896751,14188308,390,638,35,5882,68397
2021-05-10,1653233,1594330,30071,6918977,14543173,1564,3806,33,22226,354865
2021-05-11,1654936,1596991,30104,6936437,14820977,1703,2661,33,17460,277804
2021-05-12,1656212,1599375,30137,6951708,15069014,1276,2384,33,15271,248037
2021-05-13,1657447,1601471,30159,6966026,15323343,1235,2096,22,14318,254329
2021-05-14,1658507,1603615,30177,6983415,15490575,1060,2144,18,17389,167232
2021-05-15,1659106,1604270,30193,6998482,15530601,599,655,16,15067,40026
2021-05-16,1659367,1604842,30206,7005602,15597112,261,572,13,7120,66511
2021-05-17,1660511,1607674,30229,7042092,15983194,1144,2832,23,36490,386082
2021-05-18,1661725,1609676,30243,7066780,16273370,1214,2002,14,24688,290176
2021-05-19,1662510,1611501,30260,7092069,16535283,785,1825,17,25289,261913
2021-05-20,1663202,1613011,30277,7111408,16804438,692,1510,17,19339,269155
2021-05-21,1663885,1614559,30290,7139089,17004045,683,1548,13,27681,199607
2021-05-22,1664222,1614954,30301,7148992,17051872,337,395,11,9903,47827
2021-05-23,1664421,1615333,30314,7153456,17119659,199,379,13,4464,67787
2021-05-24,1665125,1617421,30320,7183747,17477714,704,2088,6,30291,358055
2021-05-25,1665794,1618900,30328,7205124,17734934,669,1479,8,21377,257220
2021-05-26,1666349,1620187,30338,7226938,17956361,555,1287,10,21814,221427
2021-05-27,1666866,1621257,30354,7244254,18187123,517,1070,16,17316,230762
2021-05-28,1667330,1622330,30361,7266231,18367356,464,1073,7,21977,180233
2021-05-29,1667553,1622691,30367,7275199,18414344,223,361,6,8968,46988
2021-05-30,1667666,1622997,30371,7279702,18474840,113,306,4,4503,60496
2021-05-31,1668192,1624420,30381,7308077,18801597,526,1423,10,28375,326757
2021-06-01,1668677,1625428,30388,7333824,19028614,485,1008,7,25747,227017
2021-06-02,1669035,1626153,30393,7360095,19229866,358,725,5,26271,201252
2021-06-03,1669472,1626799,30396,7386283,19442972,437,646,3,26188,213106
2021-06-04,1669803,1627481,30403,7412917,19607530,331,682,7,26634,164558
2021-06-05,1669956,1627709,30406,7424979,19646648,153,228,3,12062,39118
2021-06-06,1670055,1627882,30410,7430912,19696187,99,173,4,5933,49539
2021-06-07,1670355,1628755,30414,7462764,19958634,300,873,4,31852,262447
2021-06-08,1670744,1629370,30420,7486326,20148396,389,615,6,23562,189762
2021-06-09,1671008,1629902,30422,7516806,20321409,264,532,2,30480,173013
2021-06-10,1671205,1630370,30428,7537686,20510534,197,468,6,20880,189125
2021-06-11,1671389,1630774,30430,7565775,20663798,184,404,2,28089,153264
2021-06-12,1671466,1630932,30434,7578109,20699998,77,158,4,12334,36200
2021-06-13,1671508,1631046,30437,7584663,20742700,42,114,3,6554,42702
2021-06-14,1671687,1631711,30437,7618444,20967349,179,665,0,33781,224649
2021-06-15,1671901,1632151,30441,7646190,21135169,214,440,4,27746,167820
2021-06-16,1672035,1632511,30442,7677050,21291928,134,360,1,30860,156759
2021-06-17,1672201,1632807,30447,7706036,21475241,166,296,5,28986,183313
2021-06-18,1672351,1633102,30450,7743354,21621746,150,295,3,37318,146505
2021-06-19,1672415,1633227,30450,7756887,21657801,64,125,0,13533,36055
2021-06-20,1672474,1633306,30451,7763859,21695241,59,79,1,6972,37440
2021-06-21,1672597,1633732,30452,7794837,21893629,123,426,1,30978,198388
2021-06-22,1672709,1634001,30455,7820066,22035725,112,269,3,25229,142096
2021-06-23,1672825,1634207,30455,7844247,22173527,116,206,0,24181,137802
2021-06-24,1672926,1634386,30459,7874009,22328026,101,179,4,29762,154499
2021-06-25,1673059,1634565,30460,7902118,22450361,133,179,1,28109,122335
2021-06-26,1673126,1634605,30462,7926034,22480409,67,40,2,23916,30048
2021-06-27,1673185,1634656,30462,7933704,22513409,59,51,0,7670,33000
2021-06-28,1673341,1634886,30462,7966194,22685582,156,230,0,32490,172173
2021-06-29,1673503,1635041,30462,8010314,22786626,162,155,0,44120,101044
2021-06-30,1673643,1635147,30464,8049494,22889005,140,106,2,39180,102379
2021-07-01,1673813,1635268,30465,8098353,22972895,170,121,1,48859,83890
2021-07-02,1673981,1635391,30467,8148108,23082619,168,123,2,49755,109724
2021-07-03,1674106,1635440,30467,8185969,23124898,125,49,0,37861,42279
2021-07-04,1674215,1635488,30469,8198778,23160025,109,48,2,12809,35127
2021-07-05,1674345,1635612,30469,8211477,23196768,130,124,0,12699,36743
2021-07-06,1674456,1635703,30469,8221151,23228084,111,91,0,9674,31316
2021-07-07,1674738,1635826,30470,8244817,23288426,282,123,1,23666,60342
2021-07-08,1674998,1635929,30470,8276448,23353464,260,103,0,31631,65038
2021-07-09,1675286,1636035,30470,8314130,23452639,288,106,0,37682,99175
2021-07-10,1675450,1636098,30470,8339882,23498601,164,63,0,25752,45962
2021-07-11,1675608,1636179,30472,8354128,23552513,158,81,2,14246,53912
2021-07-12,1675852,1636350,30472,8384486,23643810,244,171,0,30358,91297
2021-07-13,1676175,1636502,30472,8415360,23708470,323,152,0,30874,64660
2021-07-14,1676434,1636682,30472,8444599,23766342,259,180,0,29239,57872
2021-07-15,1676654,1636832,30472,8481899,23849212,220,150,0,37300,82870
2021-07-16,1676899,1636994,30474,8528673,23960549,245,162,2,46774,111337
2021-07-17,1677096,1637078,30474,8561067,24014549,197,84,0,32394,54000
2021-07-18,1677214,1637169,30475,8575099,24068310,118,91,1,14032,53761
2021-07-19,1677437,1637311,30477,8605659,24155240,223,142,2,30560,86930
2021-07-20,1677737,1637440,30477,8636310,24206730,300,129,0,30651,51490
2021-07-21,1677971,1637742,30478,8665756,24260532,234,302,1,29446,53802
2021-07-22,1678184,1638006,30478,8703936,24343421,213,264,0,38180,82889
2021-07-23,1678374,1638264,30478,8751011,24464610,190,258,0,47075,121189
2021-07-24,1678501,1638395,30478,8781920,24525526,127,131,0,30909,60916
2021-07-25,1678583,1638526,30478,8797412,24580411,82,131,0,15492,54885
2021-07-26,1678785,1638819,30478,8829415,24666827,202,293,0,32003,86416
2021-07-27,1679042,1639127,30478,8864799,24725573,257,308,0,35384,58746
2021-07-28,1679244,1639357,30478,8897801,24786388,202,230,0,33002,60815
2021-07-29,1679452,1639598,30478,8937433,24868252,208,241,0,39632,81864
2021-07-30,1679593,1639826,30478,8988899,24988978,141,228,0,51466,120726
2021-07-31,1679710,1639964,30480,9026312,25047310,117,138,2,37413,58332
2021-08-01,1679787,1640074,30482,9041482,25098931,77,110,2,15170,51621
2021-08-02,1679938,1640368,30483,9075715,25187298,151,294,1,34233,88367
2021-08-03,1680181,1640633,30483,9115468,25241860,243,265,0,39753,54562
2021-08-04,1680390,1640845,30483,9146700,25296533,209,212,0,31232,54673
2021-08-05,1680556,1641041,30484,9187211,25368278,166,196,1,40511,71745
2021-08-06,1680735,1641219,30486,9240492,25478222,179,178,2,53281,109944
2021-08-07,1680891,1641315,30486,9279140,25529746,156,96,0,38648,51524
2021-08-08,1680998,1641417,30486,9298671,25581685,107,102,0,19531,51939
2021-08-09,1681174,1641671,30487,9332590,25668872,176,254,1,33919,87187
2021-08-10,1681435,1641860,30487,9370930,25724213,261,189,0,38340,55341
2021-08-11,1681655,1642065,30488,9403728,25778369,220,205,1,32798,54156
2021-08-12,1681845,1642238,30488,9442854,25851597,190,173,0,39126,73228
2021-08-13,1682068,1642369,30488,9496795,25966066,223,131,0,53941,114469
2021-08-14,1682210,1642458,30488,9536845,26026085,142,89,0,40050,60019
2021-08-15,1682287,1642545,30491,9553273,26077605,77,87,3,16428,51520
2021-08-16,1682504,1642770,30494,9588855,26158930,217,225,3,35582,81325
2021-08-17,1682804,1642970,30495,9622788,26206661,300,200,1,33933,47731
2021-08-18,1683013,1643178,30497,9654777,26256587,209,208,2,31989,49926
2021-08-19,1683180,1643361,30499,9691487,26322920,167,183,2,36710,66333
2021-08-20,1683351,1643530,30500,9738832,26429017,171,169,1,47345,106097
2021-08-21,1683486,1643616,30500,9768900,26478086,135,86,0,30068,49069
2021-08-22,1683593,1643720,30500,9785158,26526632,107,104,0,16258,48546
2021-08-23,1683807,1644006,30501,9816931,26600273,214,286,1,31773,73641
2021-08-24,1684061,1644209,30502,9846442,26647651,254,203,1,29511,47378
2021-08-25,1684311,1644432,30504,9872927,26694289,250,223,2,26485,46638
2021-08-26,1684526,1644620,30504,9902411,26759493,215,188,0,29484,65204
2021-08-27,1684709,1644815,30505,9933374,26852196,183,195,1,30963,92703
2021-08-28,1684842,1644905,30507,9951237,26890942,133,90,2,17863,38746
2021-08-29,1684923,1645023,30508,9961078,26921861,81,118,1,9841,30919
2021-08-30,1685164,1645318,30508,9989286,26980739,241,295,0,28208,58878
2021-08-31,1685456,1645543,30508,10028535,27033891,292,225,0,39249,53152
2021-09-01,1685718,1645744,30508,10077412,27078994,262,201,0,48877,45103
2021-09-02,1686024,1645909,30510,10138512,27129778,306,165,2,61100,50784
2021-09-03,1686334,1646102,30510,10162430,27207771,310,193,0,23918,77993
2021-09-04,1686541,1646213,30510,10179526,27238772,207,111,0,17096,31001
2021-09-05,1686682,1646309,30510,10188199,27263972,141,96,0,8673,25200
2021-09-06,1687075,1646575,30511,10236066,27317137,393,266,1,47867,53165
2021-09-07,1687658,1646808,30514,10279629,27350273,583,233,3,43563,33136
2021-09-08,1688040,1647032,30515,10307842,27393068,382,224,1,28213,42795
2021-09-09,1688461,1647204,30515,10335763,27455058,421,172,0,27921,61990
2021-09-10,1688907,1647408,30515,10365081,27534860,446,204,0,29318,79802
2021-09-11,1689158,1647501,30515,10382287,27568116,251,93,0,17206,33256
2021-09-12,1689295,1647644,30517,10390613,27595377,137,143,2,8326,27261
2021-09-13,1689790,1647927,30517,10412678,27650813,495,283,0,22065,55436
2021-09-14,1690347,1648181,30520,10435632,27690632,557,254,3,22954,39819
2021-09-15,1690871,1648508,30523,10459204,27734885,524,327,3,23572,44253
2021-09-16,1691433,1648771,30523,10484534,27795965,562,263,0,25330,61080
2021-09-17,1691881,1649061,30526,10513770,27892530,448,290,3,29236,96565
2021-09-18,1692184,1649206,30531,10530830,27930324,303,145,5,17060,37794
2021-09-19,1692372,1649371,30533,10538859,27959107,188,165,2,8029,28783
2021-09-20,1692854,1650029,30537,10563336,28016665,482,658,4,24477,57558
2021-09-21,1693452,1650431,30539,10587491,28056958,598,402,2,24155,40293
2021-09-22,1693978,1650807,30541,10613606,28098903,526,376,2,26115,41945
2021-09-23,1694462,1651237,30544,10646623,28156175,484,430,3,33017,57272
2021-09-24,1695007,1651651,30544,10682675,28247300,545,414,0,36052,91125
2021-09-25,1695427,1651804,30546,10701589,28281861,420,153,2,18914,34561
2021-09-26,1695681,1651984,30546,10709810,28306865,254,180,0,8221,25004
2021-09-27,1696359,1652572,30546,10734098,28361049,678,588,0,24288,54184
2021-09-28,1696833,1653127,30549,10748709,28383218,474,555,3,14611,22169
2021-09-29,1697568,1653675,30554,10770282,28436504,735,548,5,21573,53286
2021-09-30,1698490,1654145,30555,10799987,28492894,922,470,1,29705,56390
2021-10-01,1699321,1654602,30556,10828922,28575143,831,457,1,28935,82249
2021-10-02,1699873,1654816,30557,10843420,28604300,552,214,1,14498,29157
2021-10-03,1700191,1655050,30561,10851396,28628159,318,234,4,7976,23859
2021-10-04,1701019,1655695,30565,10873240,28678334,828,645,4,21844,50175
2021-10-05,1702169,1656240,30568,10895760,28712338,1150,545,3,22520,34004
2021-10-06,1703217,1656740,30573,10918669,28752927,1048,500,5,22909,40589
2021-10-07,1704210,1657214,30576,10943163,28807162,993,474,3,24494,54235
2021-10-08,1705229,1657747,30580,10970487,28890463,1019,533,4,27324,83301
2021-10-09,1705897,1658002,30583,10985790,28916852,668,255,3,15303,26389
2021-10-10,1706236,1658287,30587,10993709,28939295,339,285,4,7919,22443
2021-10-11,1707582,1659107,30592,11015148,28992416,1346,820,5,21439,53121
2021-10-12,1709090,1659458,30599,11039909,29027035,1508,351,7,24761,34619
2021-10-13,1710592,1660518,30605,11071553,29067770,1502,1060,6,31644,40735
2021-10-14,1712133,1661256,30611,11100751,29124362,1541,738,6,29198,56592
2021-10-15,1713915,1662086,30621,11132793,29212055,1782,830,10,32042,87693
2021-10-16,1715073,1662414,30630,11150464,29244865,1158,328,9,17671,32810
2021-10-17,1715869,1662826,30641,11160724,29269355,796,412,11,10260,24490
2021-10-18,1718410,1663991,30653,11187970,29326513,2541,1165,12,27246,57158
2021-10-19,1721659,1664911,30664,11221778,29365336,3249,920,11,33808,38823
2021-10-20,1724941,1665949,30671,11256220,29413292,3282,1038,7,34442,47956
2021-10-21,1728587,1666937,30681,11298083,29474007,3646,988,10,41863,60715
2021-10-22,1732828,1667908,30695,11343477,29567734,4241,971,14,45394,93727
2021-10-23,1735584,1668384,30709,11373618,29603136,2756,476,14,30141,35402
2021-10-24,1737424,1668919,30730,11390775,29631312,1840,535,21,17157,28176
2021-10-25,1741712,1670536,30750,11431209,29696860,4288,1617,20,40434,65548
2021-10-26,1748003,1671910,30766,11492917,29750656,6291,1374,16,61708,53796
2021-10-27,1753873,1673462,30787,11557199,29829796,5870,1552,21,64282,79140
2021-10-28,1758232,1675016,30813,11599710,29861943,4359,1554,26,42511,32147
2021-10-29,1763993,1676816,30839,11644683,29949402,5761,1800,26,44973,87459
2021-10-30,1769054,1677639,30864,11682737,29981635,5061,823,25,38054,32233
2021-10-31,1771848,1678602,30895,11707431,30019735,2794,963,31,24694,38100
2021-11-01,1779467,1682026,30926,11771670,30070509,7619,3424,31,64239,50774
2021-11-02,1789414,1685231,30963,11831854,30104439,9947,3205,37,60184,33930
2021-11-03,1798898,1688749,31008,11874707,30142986,9484,3518,45,42853,38547
2021-11-04,1807394,1692358,31053,11918413,30186416,8496,3609,45,43706,43430
2021-11-05,1816655,1696502,31110,11968828,30252644,9261,4144,57,50415,66228
2021-11-06,1822399,1698564,31162,12003943,30289436,5744,2062,52,35115,36792
2021-11-07,1825419,1700866,31203,12022240,30314379,3020,2302,41,18297,24943
2021-11-08,1834709,1707403,31252,12072099,30370809,9290,6537,49,49859,56430
2021-11-09,1849294,1712883,31316,12141403,30410333,14585,5480,64,69304,39524
2021-11-10,1862865,1719057,31391,12205571,30452579,13571,6174,75,64168,42246
2021-11-11,1873320,1722060,31462,12269816,30502904,10455,3003,71,64245,50325
2021-11-12,1887581,1729330,31529,12342951,30569705,14261,7270,67,73135,66801
2021-11-13,1896763,1732992,31603,12388980,30604314,9182,3662,74,46029,34609
2021-11-14,1902463,1736679,31667,12417364,30628569,5700,3687,64,28384,24255
2021-11-15,1914029,1746837,31760,12484241,30689733,11566,10158,93,66877,61164
2021-11-16,1936580,1755611,31831,12579892,30741423,22551,8774,71,95651,51690
2021-11-17,1950789,1764181,31913,12641799,30765430,14209,8570,82,61907,24007
2021-11-18,1964309,1772371,32034,12706208,30818341,13520,8190,121,64409,52911
2021-11-19,1987282,1781551,32148,12797879,30884936,22973,9180,114,91671,66595
2021-11-20,2001698,1785195,32244,12863719,30918318,14416,3644,96,65840,33382
2021-11-21,2009979,1788935,32359,12899839,30944338,8281,3740,115,36120,26020
2021-11-22,2024499,1804851,32473,12978001,30993014,14520,15916,114,78162,48676
2021-11-23,2050411,1818013,32588,13082786,31023460,25912,13162,115,104785,30446
2021-11-24,2068457,1830628,32682,13184276,31051751,18046,12615,94,101490,28291
2021-11-25,2096396,1843171,32797,13285348,31087780,27939,12543,115,101072,36029
2021-11-26,2116787,1856283,32916,13385309,31117553,20391,13112,119,99961,29773
2021-11-27,2129316,1862036,33012,13459759,31125476,12529,5753,96,74450,7923
2021-11-28,2138622,1867855,33131,13509657,31135785,9306,5819,119,49898,10309
2021-11-29,2156246,1890117,33239,13596818,31185170,17624,22262,108,87161,49385
2021-11-30,2178275,1909252,33360,13710931,31213303,22029,19135,121,114113,28133
2021-12-01,2199429,1917673,33500,13811576,31239814,21154,8421,140,100645,26511
2021-12-02,2218061,1938057,33626,13912836,31271089,18632,20384,126,101260,31275
2021-12-03,2235747,1958520,33750,14012761,31296861,17686,20463,124,99925,25772
2021-12-04,2246728,1967644,33859,14084638,31304292,10981,9124,109,71877,7431
2021-12-05,2253065,1976096,33969,14123920,31313039,6337,8452,110,39282,8747
2021-12-06,2268647,2003037,34096,14211187,31354482,15582,26941,127,87267,41443
2021-12-07,2288187,2027903,34208,14315447,31378436,19540,24866,112,104260,23954
2021-12-08,2304398,2048682,34321,14404258,31403569,16211,20779,113,88811,25133
2021-12-09,2318664,2068144,34435,14491865,31432823,14266,19462,114,87607,29254
2021-12-10,2331065,2087208,34557,14579088,31456425,12401,19064,122,87223,23602
2021-12-11,2340151,2095498,34657,14641825,31463573,9086,8290,100,62737,7148
2021-12-12,2344280,2103149,34782,14670211,31471902,4129,7651,125,28386,8329
2021-12-13,2356190,2130167,34897,14753164,31509598,11910,27018,115,82953,37696
2021-12-14,2372900,2150858,35011,14849947,31532973,16710,20691,114,96783,23375
2021-12-15,2384517,2169607,35136,14925432,31557063,11617,18749,125,75485,24090
2021-12-16,2394018,2186734,35233,15003920,31587161,9501,17127,97,78488,30098
2021-12-17,2402984,2203160,35327,15080848,31612039,8966,16426,94,76928,24878
2021-12-18,2408968,2210273,35431,15130630,31622243,5984,7113,104,49782,10204
2021-12-19,2412714,2216673,35501,15160355,31632348,3746,6400,70,29725,10105
2021-12-20,2421314,2239022,35582,15233747,31666402,8600,22349,81,73392,34054
2021-12-21,2433165,2255550,35664,15316309,31688755,11851,16528,82,82562,22353
2021-12-22,2440860,2270317,35749,15395065,31709370,7695,14767,85,78756,20615
2021-12-23,2448223,2282795,35809,15484435,31725794,7363,12478,60,89370,16424
2021-12-24,2450269,2295031,35889,15505202,31730385,2046,12236,80,20767,4591
2021-12-25,2451360,2300413,35957,15518820,31735823,1091,5382,68,13618,5438
2021-12-26,2453375,2305337,36042,15539881,31745637,2015,4924,85,21061,9814
2021-12-27,2460239,2323579,36093,15595726,31770187,6864,18242,51,55845,24550
2021-12-28,2469318,2336556,36167,15655156,31787991,9079,12977,74,59430,17804
2021-12-29,2475482,2347088,36242,15699209,31805591,6164,10532,75,44053,17600
2021-12-30,2481237,2355859,36301,15738790,31822195,5755,8771,59,39581,16604
2021-12-31,2486235,2364500,36357,15774300,31830696,4998,8641,56,35510,8501
2022-01-01,2487329,2368860,36405,15783014,31834934,1094,4360,48,8714,4238
2022-01-02,2489260,2372784,36457,15802610,31846510,1931,3924,52,19596,11576
2022-01-03,2498619,2385675,36518,15876058,31888449,9359,12891,61,73448,41939
2022-01-04,2508798,2394160,36578,15947600,31914307,10179,8485,60,71542,25858
2022-01-05,2516188,2401803,36619,16001189,31937170,7390,7643,41,53589,22863
2022-01-06,2522832,2406904,36677,16058455,31961130,6644,5101,58,57266,23960
2022-01-07,2529507,2407830,36723,16126783,31978371,6675,926,46,68328,17241
2022-01-08,2533471,2409524,36766,16167154,31985999,3964,1694,43,40371,7628
2022-01-09,2536235,2412860,36789,16191014,31994419,2764,3336,23,23860,8420
2022-01-10,2543598,2422942,36832,16262672,32031951,7363,10082,43,71658,37532
2022-01-11,2555976,2429683,36870,16340737,32054524,12378,6741,38,78065,22573
2022-01-12,2567448,2435153,36912,16406111,32075144,11472,5470,42,65374,20620
2022-01-13,2579144,2440733,36946,16476188,32099229,11696,5580,34,70077,24085
2022-01-14,2592377,2443979,36979,16557880,32118411,13233,3246,33,81692,19182
2022-01-15,2601671,2445022,37005,16619195,32124363,9294,1043,26,61315,5952
2022-01-16,2608917,2449457,37034,16653589,32132209,7246,4435,29,34394,7846
2022-01-17,2629232,2461569,37062,16745765,32196454,20315,12112,28,92176,64245
2022-01-18,2657736,2469631,37088,16855475,32228327,28504,8062,26,109710,31873
2022-01-19,2683763,2476336,37116,16958112,32248621,26027,6705,28,102637,20294
2022-01-20,2710705,2483082,37135,17064247,32290195,26942,6746,19,106135,41574
2022-01-21,2737343,2500959,37158,17188048,32319448,26638,17877,23,123801,29253
2022-01-22,2755702,2513909,37180,17275016,32327337,18359,12950,22,86968,7889
2022-01-23,2768605,2529973,37198,17327205,32335826,12903,16064,18,52189,8489
2022-01-24,2799005,2553919,37220,17447218,32396207,30400,23946,22,120013,60381
2022-01-25,2838647,2561238,37235,17594435,32426566,39642,7319,15,147217,30359
2022-01-26,2893352,2570182,37257,17739419,32447991,54705,8944,22,144984,21425
2022-01-27,2928171,2601636,37285,17877747,32488729,34819,31454,28,138328,40738
2022-01-28,2975450,2626232,37309,18034306,32518277,47279,24596,24,156559,29548
2022-01-29,2993739,2651048,37337,18138151,32524786,18289,24816,28,103845,6509
2022-01-30,3017684,2676991,37366,18200765,32533117,23945,25943,29,62614,8331
2022-01-31,3047246,2703761,37400,18319493,32589748,29562,26770,34,118728,56631
2022-02-01,3104493,2717922,37444,18475887,32618712,57247,14161,44,156394,28964
2022-02-02,3147834,2734984,37484,18611500,32638295,43341,17062,40,135613,19583
2022-02-03,3185530,2788678,37524,18745014,32674685,37696,53694,40,133514,36390
2022-02-04,3214269,2833482,37578,18865932,32701246,28739,44804,54,120918,26561
2022-02-05,3238278,2873449,37626,18938732,32707276,24009,39967,48,72800,6030
2022-02-06,3247349,2912973,37672,18978313,32714554,9071,39524,46,39581,7278
2022-02-07,3276981,2949774,37732,19080120,32763325,29632,36801,60,101807,48771
2022-02-08,3314797,2966008,37785,19193323,32786891,37816,16234,53,113203,23566
2022-02-09,3343850,2983919,37830,19281448,32803318,29053,17911,45,88125,16427
2022-02-10,3366522,3040855,37887,19366216,32835439,22672,56936,57,84768,32121
2022-02-11,3388670,3086787,37945,19448132,32858110,22148,45932,58,81916,22671
2022-02-12,3399623,3123212,38011,19493992,32862701,10953,36425,66,45860,4591
2022-02-13,3406820,3157036,38067,19521106,32869239,7197,33824,56,27114,6538
2022-02-14,3426307,3184931,38115,19597564,32913341,19487,27895,48,76458,44102
2022-02-15,3454596,3196615,38162,19681418,32934866,28289,11684,47,83854,21525
2022-02-16,3471592,3209315,38215,19741283,32949001,16996,12700,53,59865,14135
2022-02-17,3487125,3254059,38271,19799837,32978022,15533,44744,56,58554,29021
2022-02-18,3500904,3284135,38330,19855682,32998737,13779,30076,59,55845,20715
2022-02-19,3509128,3308023,38385,19889387,33003056,8224,23888,55,33705,4319
2022-02-20,3513402,3330282,38435,19908156,33008521,4274,22259,50,18769,5465
2022-02-21,3526862,3349403,38492,19954465,33029039,13460,19121,57,46309,20518
2022-02-22,3541087,3357457,38551,19999033,33041921,14225,8054,59,44568,12882
2022-02-23,3552300,3366195,38592,20036793,33053324,11213,8738,41,37760,11403
2022-02-24,3562340,3397748,38649,20074803,33066012,10040,31553,57,38010,12688
2022-02-25,3571462,3417333,38695,20111812,33076420,9122,19585,46,37009,10408
2022-02-26,3577054,3432898,38738,20133959,33080225,5592,15565,43,22147,3805
2022-02-27,3580380,3447606,38786,20148403,33084643,3326,14708,48,14444,4418
2022-02-28,3590549,3460968,38842,20187451,33103445,10169,13362,56,39048,18802
2022-03-01,3602178,3466615,38881,20221818,33115003,11629,5647,39,34367,11558
2022-03-02,3611148,3472364,38927,20249263,33125203,8970,5749,46,27445,10200
2022-03-03,3619230,3489459,38972,20277296,33136244,8082,17095,45,28033,11041
2022-03-04,3627488,3501682,39005,20306996,33146597,8258,12223,33,29700,10353
2022-03-05,3632052,3512293,39037,20324553,33150003,4564,10611,32,17557,3406
2022-03-06,3634627,3521812,39074,20334769,33154314,2575,9519,37,10216,4311
2022-03-07,3645102,3530661,39111,20365041,33171026,10475,8849,37,30272,16712
2022-03-08,3655596,3534746,39154,20394144,33181470,10494,4085,43,29103,10444
2022-03-09,3664687,3539177,39186,20420953,33190922,9091,4431,32,26809,9452
2022-03-10,3672932,3553010,39211,20447024,33201381,8245,13833,25,26071,10459
2022-03-11,3681289,3562447,39229,20474002,33211005,8357,9437,18,26978,9624
2022-03-12,3685718,3571181,39255,20490066,33214305,4429,8734,26,16064,3300
2022-03-13,3688474,3579208,39281,20499175,33218198,2756,8027,26,9109,3893
2022-03-14,3699300,3587145,39317,20529908,33228984,10826,7937,36,30733,10786
2022-03-15,3710017,3590612,39343,20559136,33235920,10717,3467,26,29228,6936
2022-03-16,3718572,3594328,39372,20584842,33242517,8555,3716,29,25706,6597
2022-03-17,3726731,3606942,39402,20609819,33249429,8159,12614,30,24977,6912
2022-03-18,3735449,3616396,39423,20636114,33255803,8718,9454,21,26295,6374
2022-03-19,3740239,3624984,39444,20650111,33258098,4790,8588,21,13997,2295
2022-03-20,3742516,3633081,39467,20659096,33261190,2277,8097,23,8985,3092
2022-03-21,3752938,3641005,39505,20688399,33270270,10422,7924,38,29303,9080
2022-03-22,3763432,3644545,39524,20716707,33277001,10494,3540,19,28308,6731
2022-03-23,3771914,3648300,39553,20742291,33283412,8482,3755,29,25584,6411
2022-03-24,3779033,3661354,39584,20766822,33290130,7119,13054,31,24531,6718
2022-03-25,3786579,3670611,39609,20791069,33297012,7546,9257,25,24247,6882
2022-03-26,3790099,3679383,39636,20803285,33299256,3520,8772,27,12216,2244
2022-03-27,3792344,3687372,39656,20811498,33301913,2245,7989,20,8213,2657
2022-03-28,3801161,3695678,39686,20838236,33310846,8817,8306,30,26738,8933
2022-03-29,3810071,3699130,39715,20865934,33317649,8910,3452,29,27698,6803
2022-03-30,3817468,3702681,39739,20890752,33323961,7397,3551,24,24818,6312
2022-03-31,3823956,3715279,39755,20914291,33330297,6488,12598,16,23539,6336
2022-04-01,3829935,3723995,39769,20935222,33336785,5979,8716,14,20931,6488
2022-04-02,3832525,3732215,39790,20945940,33338828,2590,8220,21,10718,2043
2022-04-03,3834186,3739302,39809,20952366,33341546,1661,7087,19,6426,2718
2022-04-04,3840749,3746399,39832,20975235,33349698,6563,7097,23,22869,8152
2022-04-05,3847452,3749182,39861,20997608,33355886,6703,2783,29,22373,6188
2022-04-06,3852744,3751990,39888,21017297,33361631,5292,2808,27,19689,5745
2022-04-07,3857725,3762859,39918,21035148,33367170,4981,10869,30,17851,5539
2022-04-08,3861865,3770514,39939,21052411,33372494,4140,7655,21,17263,5324
2022-04-09,3864118,3777626,39961,21062198,33374398,2253,7112,22,9787,1904
2022-04-10,3865515,3783660,39975,21067763,33376873,1397,6034,14,5565,2475
2022-04-11,3870259,3789316,39993,21086162,33384279,4744,5656,18,18399,7406
2022-04-12,3874292,3791459,40002,21104251,33389869,4033,2143,9,18089,5590
2022-04-13,3877761,3793735,40015,21119825,33395464,3469,2276,13,15574,5595
2022-04-14,3881062,3801881,40028,21134635,33401271,3301,8146,13,14810,5807
2022-04-15,3882317,3807423,40039,21140342,33403679,1255,5542,11,5707,2408
2022-04-16,3883401,3812580,40051,21144731,33405622,1084,5157,12,4389,1943
2022-04-17,3884154,3817075,40059,21148873,33407374,753,4495,8,4142,1752
2022-04-18,3885036,3821359,40075,21153226,33409698,882,4284,16,4353,2324
2022-04-19,3888626,3823059,40090,21167798,33417425,3590,1700,15,14572,7727
2022-04-20,3892062,3824706,40108,21182541,33423006,3436,1647,18,14743,5581
2022-04-21,3894222,3830388,40122,21193908,33427879,2160,5682,14,11367,4873
2022-04-22,3896336,3834057,40133,21205496,33432708,2114,3669,11,11588,4829
2022-04-23,3897250,3837461,40142,21212396,33434798,914,3404,9,6900,2090
2022-04-24,3897842,3840259,40150,21216154,33436664,592,2798,8,3758,1866
2022-04-25,3900097,3841326,40162,21226975,33443445,2255,1067,12,10821,6781
2022-04-26,3902132,3842414,40172,21239140,33448352,2035,1088,10,12165,4907
2022-04-27,3903778,3843410,40187,21248817,33452817,1646,996,15,9677,4465
2022-04-28,3905339,3844442,40199,21258930,33457023,1561,1032,12,10113,4206
2022-04-29,3906774,3848753,40210,21268206,33461194,1435,4311,11,9276,4171
2022-04-30,3907376,3851594,40219,21273514,33462837,602,2841,9,5308,1643
2022-05-01,3907773,3853608,40228,21276760,33464309,397,2014,9,3246,1472
2022-05-02,3909458,3855538,40235,21286687,33469482,1685,1930,7,9927,5173
2022-05-03,3910836,3856375,40241,21295996,33473316,1378,837,6,9309,3834
2022-05-04,3912043,3857196,40248,21304117,33476885,1207,821,7,8121,3569
2022-05-05,3912977,3859884,40261,21310746,33480500,934,2688,13,6629,3615
2022-05-06,3913769,3861573,40270,21316391,33484346,792,1689,9,5645,3846
2022-05-07,3914007,3863189,40276,21319034,33485988,238,1616,6,2643,1642
2022-05-08,3914141,3864565,40281,21320989,33487398,134,1376,5,1955,1410
2022-05-09,3915011,3865964,40285,21325877,33492098,870,1399,4,4888,4700
2022-05-10,3915763,3866525,40289,21330856,33495709,752,561,4,4979,3611
2022-05-11,3916354,3867030,40295,21335108,33499130,591,505,6,4252,3421
2022-05-12,3916875,3869049,40297,21339319,33502828,521,2019,2,4211,3698
2022-05-13,3917345,3870348,40299,21343240,33506845,470,1299,2,3921,4017
2022-05-14,3917490,3871499,40300,21344853,33508490,145,1151,1,1613,1645
2022-05-15,3917560,3872260,40303,21346336,33510080,70,761,3,1483,1590
2022-05-16,3918077,3873031,40303,21349676,33514280,517,771,0,3340,4200
2022-05-17,3918568,3873231,40305,21353270,33517734,491,200,2,3594,3454
2022-05-18,3918925,3873390,40308,21355969,33520853,357,159,3,2699,3119
2022-05-19,3919285,3874478,40309,21358990,33524168,360,1088,1,3021,3315
2022-05-20,3919612,3875131,40314,21362886,33527686,327,653,5,3896,3518
2022-05-21,3919697,3875712,40315,21364322,33529241,85,581,1,1436,1555
2022-05-22,3919760,3876213,40315,21365081,33530653,63,501,0,759,1412
2022-05-23,3920167,3876664,40319,21367935,33534770,407,451,4,2854,4117
2022-05-24,3920366,3876803,40321,21371041,33537972,199,139,2,3106,3202
2022-05-25,3920724,3876915,40323,21373117,33540943,358,112,2,2076,2971
2022-05-26,3920970,3877529,40323,21376007,33543904,246,614,0,2890,2961
2022-05-27,3921222,3877963,40325,21378730,33547633,252,434,2,2723,3729
2022-05-28,3921280,3878352,40326,21380364,33549288,58,389,1,1634,1655
2022-05-29,3921309,3878678,40327,21381078,33550912,29,326,1,714,1624
2022-05-30,3921625,3878997,40329,21384104,33554866,316,319,2,3026,3954
2022-05-31,3921912,3879108,40330,21386518,33558077,287,111,1,2414,3211
2022-06-01,3922147,3879185,40330,21389235,33560968,235,77,0,2717,2891
2022-06-02,3922324,3879642,40332,21391035,33563006,177,457,2,1800,2038
2022-06-03,3922613,3879944,40333,21394128,33565943,289,302,1,3093,2937
2022-06-04,3922695,3880192,40333,21394968,33567254,82,248,0,840,1311
2022-06-05,3922724,3880400,40333,21395386,33568498,29,208,0,418,1244
2022-06-06,3923129,3880654,40334,21397416,33571740,405,254,1,2030,3242
2022-06-07,3923442,3880718,40335,21399475,33574148,313,64,1,2059,2408
2022-06-08,3923843,3880771,40338,21402074,33576382,401,53,3,2599,2234
2022-06-09,3924129,3881147,40338,21403948,33578897,286,376,0,1874,2515
2022-06-10,3924457,3881409,40339,21406320,33581989,328,262,1,2372,3092
2022-06-11,3924546,3881636,40341,21407244,33583130,89,227,2,924,1141
2022-06-12,3924610,3881817,40341,21407754,33583870,64,181,0,510,740
2022-06-13,3925068,3882085,40341,21410297,33586774,458,268,0,2543,2904
2022-06-14,3925517,3882162,40341,21412664,33588811,449,77,0,2367,2037
2022-06-15,3925926,3882214,40341,21414556,33590705,409,52,0,1892,1894
2022-06-16,3926296,3882701,40344,21417167,33592978,370,487,3,2611,2273
2022-06-17,3926736,3883020,40345,21419432,33595515,440,319,1,2265,2537
2022-06-18,3926860,3883358,40345,21420450,33596352,124,338,0,1018,837
2022-06-19,3926929,3883626,40346,21420990,33597031,69,268,1,540,679
2022-06-20,3927542,3883930,40346,21423228,33599701,613,304,0,2238,2670
2022-06-21,3928147,3884010,40347,21425534,33601824,605,80,1,2306,2123
2022-06-22,3928830,3884097,40347,21428571,33603957,683,87,0,3037,2133
2022-06-23,3929587,3884623,40348,21431105,33606058,757,526,1,2534,2101
2022-06-24,3930335,3885052,40348,21433820,33608293,748,429,0,2715,2235
2022-06-25,3930573,3885474,40348,21434866,33609143,238,422,0,1046,850
2022-06-26,3930692,3885854,40348,21435452,33609786,119,380,0,586,643
2022-06-27,3931936,3886270,40349,21438784,33613051,1244,416,1,3332,3265
2022-06-28,3933123,3886364,40352,21441889,33615559,1187,94,3,3105,2508
2022-06-29,3934282,3886456,40352,21446089,33618177,1159,92,0,4200,2618
2022-06-30,3935286,3887296,40355,21449489,33621004,1004,840,3,3400,2827
2022-07-01,3936591,3887930,40356,21453769,33624208,1305,634,1,4280,3204
2022-07-02,3936951,3888552,40357,21455205,33625319,360,622,1,1436,1111
2022-07-03,3937110,3889205,40361,21455967,33626157,159,653,4,762,838
2022-07-04,3938416,3889887,40364,21459938,33629012,1306,682,3,3971,2855
2022-07-05,3938958,3890071,40368,21461172,33629806,542,184,4,1234,794
2022-07-06,3939176,3890199,40371,21461942,33630579,218,128,3,770,773
2022-07-07,3940725,3891713,40374,21466177,33633973,1549,1514,3,4235,3394
2022-07-08,3942566,3892822,40375,21471046,33637004,1841,1109,1,4869,3031
2022-07-09,3943044,3893882,40377,21472608,33638021,478,1060,2,1562,1017
2022-07-10,3943291,3894924,40377,21473369,33638811,247,1042,0,761,790
2022-07-11,3945328,3896112,40380,21478115,33643142,2037,1188,3,4746,4331
2022-07-12,3947312,3896385,40383,21482863,33646573,1984,273,3,4748,3431
2022-07-13,3949300,3896593,40383,21487893,33649767,1988,208,0,5030,3194
2022-07-14,3951022,3898102,40385,21492308,33653132,1722,1509,2,4415,3365
2022-07-15,3953318,3898425,40390,21498115,33656715,2296,323,5,5807,3583
2022-07-16,3953899,3898684,40396,21499951,33657785,581,259,6,1836,1070
2022-07-17,3954160,3900544,40400,21500886,33658753,261,1860,4,935,968
2022-07-18,3957062,3902130,40403,21506138,33664239,2902,1586,3,5252,5486
2022-07-19,3960301,3902508,40406,21513174,33668289,3239,378,3,7036,4050
2022-07-20,3963068,3902808,40413,21519650,33672035,2767,300,7,6476,3746
2022-07-21,3965777,3905295,40418,21525406,33676152,2709,2487,5,5756,4117
2022-07-22,3968660,3907147,40426,21531432,33680399,2883,1852,8,6026,4247
2022-07-23,3969620,3908953,40438,21533976,33681721,960,1806,12,2544,1322
2022-07-24,3969968,3910704,40444,21534922,33682804,348,1751,6,946,1083
2022-07-25,3973740,3912843,40455,21541685,33688675,3772,2139,11,6763,5871
2022-07-26,3977178,3913301,40470,21548698,33693098,3438,458,15,7013,4423
2022-07-27,3980160,3913708,40483,21555285,33696962,2982,407,13,6587,3864
2022-07-28,3982721,3917416,40501,21560863,33700912,2561,3708,18,5578,3950
2022-07-29,3985521,3920228,40516,21567730,33705018,2800,2812,15,6867,4106
2022-07-30,3986164,3922897,40523,21569680,33706283,643,2669,7,1950,1265
2022-07-31,3986491,3925465,40548,21570644,33707453,327,2568,25,964,1170
2022-08-01,3989944,3928261,40561,21577916,33713250,3453,2796,13,7272,5797
2022-08-02,3993030,3928907,40579,21584241,33717311,3086,646,18,6325,4061
2022-08-03,3995708,3929313,40588,21590058,33720869,2678,406,9,5817,3558
2022-08-04,3997862,3933703,40603,21594696,33724431,2154,4390,15,4638,3562
2022-08-05,4000276,3936864,40613,21600225,33728124,2414,3161,10,5529,3693
2022-08-06,4000799,3939658,40625,21601736,33729097,523,2794,12,1511,973
2022-08-07,4001076,3942125,40636,21602526,33730043,277,2467,11,790,946
2022-08-08,4004035,3944688,40651,21608282,33735302,2959,2563,15,5756,5259
2022-08-09,4006455,3945250,40660,21613622,33739080,2420,562,9,5340,3778
2022-08-10,4008664,3945664,40672,21618871,33742644,2209,414,12,5249,3564
2022-08-11,4010600,3949665,40684,21623240,33746119,1936,4001,12,4369,3475
2022-08-12,4012797,3952541,40696,21628586,33749588,2197,2876,12,5346,3469
2022-08-13,4013371,3955016,40707,21630134,33750588,574,2475,11,1548,1000
2022-08-14,4013652,3957087,40718,21630878,33751535,281,2071,11,744,947
2022-08-15,4016532,3959350,40726,21636465,33756824,2880,2263,8,5587,5289
2022-08-16,4019337,3959827,40733,21641955,33760579,2805,477,7,5490,3755
2022-08-17,4021740,3960192,40748,21647045,33764095,2403,365,15,5090,3516
2022-08-18,4023641,3963566,40767,21651255,33767834,1901,3374,19,4210,3739
2022-08-19,4025745,3965906,40784,21656130,33771330,2104,2340,17,4875,3496
2022-08-20,4026219,3967878,40794,21657424,33772256,474,1972,10,1294,926
2022-08-21,4026424,3969813,40809,21658121,33773095,205,1935,15,697,839
2022-08-22,4028967,3971895,40819,21663035,33778013,2543,2082,10,4914,4918
2022-08-23,4031182,3972417,40821,21667833,33781470,2215,522,2,4798,3457
2022-08-24,4033048,3972818,40830,21672165,33784707,1866,401,9,4332,3237
2022-08-25,4034661,3976362,40837,21676024,33787910,1613,3544,7,3859,3203
2022-08-26,4036512,3978897,40845,21680392,33790975,1851,2535,8,4368,3065
2022-08-27,4036956,3981059,40856,21681684,33791776,444,2162,11,1292,801
2022-08-28,4037167,3982930,40860,21682259,33792600,211,1871,4,575,824
2022-08-29,4039839,3984890,40870,21687135,33797753,2672,1960,10,4876,5153
2022-08-30,4042096,3985306,40883,21691983,33801278,2257,416,13,4848,3525
2022-08-31,4044031,3985636,40888,21696402,33804595,1935,330,5,4419,3317
2022-09-01,4045655,3988627,40896,21700112,33807849,1624,2991,8,3710,3254
2022-09-02,4047507,3990713,40899,21704669,33811141,1852,2086,3,4557,3292
2022-09-03,4047889,3992459,40901,21705905,33811801,382,1746,2,1236,660
2022-09-04,4048066,3994038,40906,21706512,33812495,177,1579,5,607,694
2022-09-05,4050830,3995803,40914,21711516,33818461,2764,1765,8,5004,5966
2022-09-06,4053282,3996154,40926,21716661,33822688,2452,351,12,5145,4227
2022-09-07,4055570,3996455,40936,21721779,33826672,2288,301,10,5118,3984
2022-09-08,4057680,3999509,40945,21726259,33830787,2110,3054,9,4480,4115
2022-09-09,4060006,4001654,40952,21731677,33834709,2326,2145,7,5418,3922
2022-09-10,4060465,4003508,40957,21733166,33835529,459,1854,5,1489,820
2022-09-11,4060739,4004998,40962,21733959,33836387,274,1490,5,793,858
2022-09-12,4064019,4006818,40972,21740522,33843813,3280,1820,10,6563,7426
2022-09-13,4067048,4007131,40979,21747097,33849147,3029,313,7,6575,5334
2022-09-14,4069675,4007422,40987,21753389,33854433,2627,291,8,6292,5286
2022-09-15,4072165,4010600,40997,21759124,33859673,2490,3178,10,5735,5240
2022-09-16,4074739,4012958,41003,21765386,33864606,2574,2358,6,6262,4933
2022-09-17,4075192,4015165,41009,21767089,33865460,453,2207,6,1703,854
2022-09-18,4075492,4017236,41019,21767877,33866343,300,2071,10,788,883
2022-09-19,4079258,4019437,41026,21775092,33875448,3766,2201,7,7215,9105
2022-09-20,4082451,4019828,41036,21782523,33882172,3193,391,10,7431,6724
2022-09-21,4085461,4020168,41044,21789489,33888513,3010,340,8,6966,6341
2022-09-22,4088035,4024140,41054,21795701,33894455,2574,3972,10,6212,5942
2022-09-23,4090912,4026901,41064,21802426,33900364,2877,2761,10,6725,5909
2022-09-24,4091480,4029492,41074,21803950,33901435,568,2591,10,1524,1071
2022-09-25,4091767,4031856,41088,21804790,33902421,287,2364,14,840,986
2022-09-26,4096519,4034239,41100,21812001,33912729,4752,2383,12,7211,10308
2022-09-27,4100746,4034655,41113,21820005,33920143,4227,416,13,8004,7414
2022-09-28,4101515,4034970,41132,21821829,33921086,769,315,19,1824,943
2022-09-29,4105198,4039177,41141,21827767,33929054,3683,4207,9,5938,7968
2022-09-30,4109052,4042246,41159,21835391,33935469,3854,3069,18,7624,6415
2022-10-01,4109718,4045096,41173,21837479,33936547,666,2850,14,2088,1078
2022-10-02,4110073,4047502,41186,21838199,33937592,355,2406,13,720,1045
2022-10-03,4114900,4050259,41203,21845301,33948730,4827,2757,17,7102,11138
2022-10-04,4118345,4050800,41220,21851691,33956134,3445,541,17,6390,7404
2022-10-05,4121637,4051238,41242,21858165,33962591,3292,438,22,6474,6457
2022-10-06,4124444,4056465,41256,21863724,33968549,2807,5227,14,5559,5958
2022-10-07,4127277,4060354,41280,21869585,33974262,2833,3889,24,5861,5713
2022-10-08,4127852,4060813,41295,21871288,33975278,575,459,15,1703,1016
2022-10-09,4128131,4064800,41314,21872081,33976275,279,3987,19,793,997
2022-10-10,4131971,4068256,41338,21878171,33986036,3840,3456,24,6090,9761
2022-10-11,4134913,4068882,41364,21884201,33992486,2942,626,26,6030,6450
2022-10-12,4137103,4069378,41387,21889547,33998058,2190,496,23,5346,5572
2022-10-13,4139380,4074718,41404,21893725,34003304,2277,5340,17,4178,5246
2022-10-14,4141299,4077906,41421,21898829,34007873,1919,3188,17,5104,4569
2022-10-15,4141641,4081059,41434,21900093,34008647,342,3153,13,1264,774
2022-10-16,4141858,4083627,41450,21900818,34009565,217,2568,16,725,918
2022-10-17,4144271,4086358,41462,21905514,34017682,2413,2731,12,4696,8117
2022-10-18,4146620,4086888,41475,21911819,34023197,2349,530,13,6305,5515
2022-10-19,4148081,4087303,41487,21915948,34028010,1461,415,12,4129,4813
2022-10-20,4149725,4091561,41503,21919440,34032439,1644,4258,16,3492,4429
2022-10-21,4151063,4094329,41516,21923091,34036455,1338,2768,13,3651,4016
2022-10-22,4151331,4096442,41529,21924453,34037143,268,2113,13,1362,688
2022-10-23,4151486,4098409,41542,21925136,34038023,155,1967,13,683,880
2022-10-24,4153275,4100216,41555,21929139,34044706,1789,1807,13,4003,6683
2022-10-25,4154609,4100549,41563,21932343,34049181,1334,333,8,3204,4475
2022-10-26,4155693,4100873,41570,21935100,34052992,1084,324,7,2757,3811
2022-10-27,4156644,4103935,41586,21937705,34056213,951,3062,16,2605,3221
2022-10-28,4156823,4105861,41596,21938921,34056827,179,1926,10,1216,614
2022-10-29,4156973,4107362,41606,21939512,34057520,150,1501,10,591,693
2022-10-30,4157067,4108656,41614,21940073,34058227,94,1294,8,561,707
2022-10-31,4158457,4109995,41619,21943240,34064721,1390,1339,5,3167,6494
2022-11-01,4159554,4110267,41630,21946294,34069022,1097,272,11,3054,4301
2022-11-02,4160349,4110565,41639,21948989,34072903,795,298,9,2695,3881
2022-11-03,4161016,4112552,41653,21951349,34076355,667,1987,14,2360,3452
2022-11-04,4161650,4113846,41662,21953523,34079673,634,1294,9,2174,3318
2022-11-05,4161794,4114919,41668,21954258,34080229,144,1073,6,735,556
2022-11-06,4161874,4115734,41681,21954655,34080799,80,815,13,397,570
2022-11-07,4162786,4115969,41694,21957971,34086396,912,235,13,3316,5597
2022-11-08,4163489,4116225,41700,21960403,34090260,703,256,6,2432,3864
2022-11-09,4164106,4116429,41707,21962520,34093741,617,204,7,2117,3481
2022-11-10,4164641,4118042,41715,21964357,34096911,535,1613,8,1837,3170
2022-11-11,4165155,4119034,41721,21966542,34099835,514,992,6,2185,2924
2022-11-12,4165271,4119814,41729,21967269,34100390,116,780,8,727,555
2022-11-13,4165339,4120389,41736,21967570,34101008,68,575,7,301,618
2022-11-14,4166150,4121094,41740,21969881,34106302,811,705,4,2311,5294
2022-11-15,4166761,4121252,41747,21971828,34110359,611,158,7,1947,4057
2022-11-16,4167311,4121415,41752,21973847,34113815,550,163,5,2019,3456
2022-11-17,4167387,4122421,41756,21974319,34114668,76,1006,4,472,853
2022-11-18,4167825,4123091,41762,21976205,34117791,438,670,6,1886,3123
2022-11-19,4167944,4123703,41766,21976879,34118292,119,612,4,674,501
2022-11-20,4168023,4124169,41769,21977160,34118836,79,466,3,281,544
2022-11-21,4168868,4124741,41774,21979496,34124715,845,572,5,2336,5879
2022-11-22,4169493,4124907,41774,21981847,34128683,625,166,0,2351,3968
